Workbook

Sheet AUDIT COMPARE REPORT
A1: ===============================================================================
A2: IOS AUDIT COMPARE REPORT
A3: Generated : 2026-04-20 09:30:45
A4: Reference : OGNetIOS.audit
A5: New/combined: IOS_Combined.audit
A6: ===============================================================================
A8: Reference items : 49
A9: New items : 76
A10: Already in ref : 24 (deduped — active in New_Only)
A11: Genuinely new : 52
A12: Final total : 101
A14: --- Items already in reference (deduped) ---
... A139: 1.0076 - NETIOS - Set 'neighbor password

Sheet Current
A1: Plugin ID | B1: CVE | C1: CVSS | D1: Risk | E1: Host | F1: Protocol | G1: Port | H1: Name | I1: Synopsis | J1: Item | K1: Short Description | L1: Audit Name | M1: Status | N1: Description | O1: Solution | P1: See Also | Q1: Plugin Output | R1: Asset UUID | S1: Vulnerability State | T1: IP Address | U1: FQDN | V1: NetBios | W1: OS | X1: MAC Address | Y1: Plugin Family | Z1: CVSS Base Score | AA1: CVSS Temporal Score | AB1: CVSS Temporal Vector | AC1: CVSS Vector | AD1: CVSS3 Base Score | AE1: CVSS3 Temporal Score | AF1: CVSS3 Temporal Vector | AG1: CVSS3 Vector | AH1: System Type | AI1: Host Start | AJ1: Host End | AK1: Vulnerability Priority Rating (VPR) | AL1: First Found | AM1: Last Found | AN1: Host Scan Schedule ID | AO1: Host Scan ID | AP1: Indexed At | AQ1: Last Authenticated Results Date | AR1: Last Unauthenticated Results Date | AS1: Tracked | AT1: Risk Factor | AU1: Severity | AV1: Original Severity | AW1: Modification | AX1: Plugin Family ID | AY1: Plugin Type | AZ1: Plugin Version | BA1: Service | BB1: Plugin Modification Date | BC1: Plugin Publication Date | BD1: Checks for Malware | BE1: Exploit Available | BF1: Exploited by Malware | BG1: Exploited by Nessus | BH1: CANVAS | BI1: D2 Elliot | BJ1: Metasploit | BK1: Core Exploits | BL1: ExploitHub | BM1: Default Account | BN1: Patch Available | BO1: In The News | BP1: Unsupported By Vendor | BQ1: Last Fixed
A2: =MID($N2,FIND("1.",$N2),FIND("-",$N2)-FIND("1.",$N2)-1) -> 1.0001 | B2: =MID($N2,FIND("MSWRK - ",$N2)+8,FIND(":",$N2,40)-FIND("MSWRK - ",$N2)-8) -> #VALUE! | C2: =MID($N2,FIND("1.",$N2),FIND("[",$N2)-1-FIND("1.",$N2)-1) -> 1.0001 - NETIOS - Enable 'aaa new-model | D2: =MID($N2,FIND("[",$N2)+1,FIND("]",$N2)-FIND("[",$N2)-1) -> PASSED | E2: hth2-ipflex-hth2-cube1.hilltop.systems | F2: tcp | G2: 0 | H2: Cisco IOS Compliance Checks | I2: Compliance checks for Cisco IOS devices. | J2: =MID($N2,FIND("1.",$N2),FIND("-",$N2)-FIND("1.",$N2)-1) -> 1.0001 | K2: =MID($N2,FIND("NETIOS - ",$N2)+8,FIND(":",$N2,40)-FIND("NETIOS - ",$N2)-8) -> Enable 'aaa new-model | L2: =MID($N2,FIND("1.",$N2),FIND("[",$N2)-1-FIND("1.",$N2)-1) -> 1.0001 - NETIOS - Enable 'aaa new-model | M2: =MID($N2,FIND("[",$N2)+1,FIND("]",$N2)-FIND("[",$N2)-1) -> PASSED | N2: "1.0001 - NETIOS - Enable 'aaa new-model: [PASSED]" This command enables the AAA access control system. See Also: See HTH Policies and Standards Reference: NIST 800-53r5|AC-2(1) Policy Value: CONFIG_CHECK item: aaa new-model$ Actual Value: aaa new-model <---- | O2: N/A | R2: 549e7be8-1405-4274-a37c-56853449b396 | T2: 10.2.166.4 | U2: hth2-ipflex-hth2-cube1.hilltop.systems | X2: A4:6C:2A:B4:73:81 A4:6C:2A:B4:73:82 A4:6C:2A:B4:73:80 | Y2: Policy Compliance | Z2: 0 | AA2: 0 | AD2: 0 | AE2: 0 | AI2: 2026-04-20T14:59:05.184Z | AJ2: 2026-04-20T15:05:16.326Z | AK2: null | AN2: template-80295fee-c9f5-bb4f-0422-3f46012f5e2bba99a3058425a248 | AO2: c4785404-6646-486d-b008-461e60f4e791 | AP2: 2026-04-20T15:07:01.218Z | AQ2: 2026-04-20T15:05:04Z | AS2: TRUE | AT2: None | AU2: 0 | AV2: 0 | AX2: 39 | AY2: local | AZ2: $Revision: 1.887 $ | BB2: 2026-04-16T00:00:00Z | BC2: 2010-05-17T00:00:00Z | BD2: FALSE | BE2: FALSE | BF2: FALSE | BG2: FALSE | BH2: FALSE | BI2: FALSE | BJ2: FALSE | BK2: FALSE | BL2: FALSE | BM2: FALSE | BN2: FALSE | BO2: FALSE | BP2: FALSE
A3: 46689 | C3: 0 | D3: None | E3: wc-harwd-sa-3202-image | F3: tcp | G3: 0 | H3: Cisco IOS Compliance Checks | I3: Compliance checks for Cisco IOS devices. | J3: =MID($N3,FIND("1.",$N3),FIND("-",$N3)-FIND("1.",$N3)-1) -> 1.0001 | K3: =MID($N3,FIND("NETIOS - ",$N3)+8,FIND(":",$N3,40)-FIND("NETIOS - ",$N3)-8) -> Enable 'aaa new-model | L3: =MID($N3,FIND("1.",$N3),FIND("[",$N3)-1-FIND("1.",$N3)-1) -> 1.0001 - NETIOS - Enable 'aaa new-model | M3: =MID($N3,FIND("[",$N3)+1,FIND("]",$N3)-FIND("[",$N3)-1) -> PASSED | N3: "1.0001 - NETIOS - Enable 'aaa new-model: [PASSED]" This command enables the AAA access control system. See Also: See HTH Policies and Standards Reference: NIST 800-53r5|AC-2(1) Policy Value: CONFIG_CHECK item: aaa new-model$ Actual Value: aaa new-model <---- | O3: N/A | R3: ed63f2e6-8ee8-4077-bff4-4307d8534492 | T3: 10.132.172.254 | U3: wc-harwd-sa-3202-image | X3: 2C:F8:9B:C8:7E:09 2C:F8:9B:C8:7E:07 2C:F8:9B:C8:7E:08 2C:F8:9B:C8:7E:0E 2C:F8:9B:C8:7E:0F 2C:F8:9B:C8:7E:0C 2C:F8:9B:C8:7E:0D 2C:F8:9B:C8:7E:0A 2C:F8:9B:C8:7E:0B 2C:F8:9B:C8:7E:16 2C:F8:9B:C8:7E:17 2C:F8:9B:C8:7E:14 2C:F8:9B:C8:7E:15 2C:F8:9B:C8:7E:12 2C:F8:9B:C8:7E:13 2C:F8:9B:C8:7E:10 2C:F8:9B:C8:7E:11 2C:F8:9B:C8:7E:05 2C:F8:9B:C8:7E:06 2C:F8:9B:C8:7E:03 2C:F8:9B:C8:7E:47 2C:F8:9B:C8:7E:04 2C:F8:9B:C8:7E:01 2C:F8:9B:C8:7E:02 2C:F8:9B:C8:7E:00 2C:F8:9B:C8:7E:29 2C:F8:9B:C8:7E:2E 2C:F8:9B:C8:7E:2F 2C:F8:9B:C8:7E:2C 2C:F8:9B:C8:7E:2D 2C:F8:9B:C8:7E:2A 2C:F8:9B:C8:7E:2B 2C:F8:9B:C8:7E:30 2C:F8:9B:C8:7E:31 2C:F8:9B:C8:7E:73 2C:F8:9B:C8:7E:70 2C:F8:9B:C8:7E:34 2C:F8:9B:C8:7E:32 2C:F8:9B:C8:7E:33 2C:F8:9B:C8:7E:18 2C:F8:9B:C8:7E:19 2C:F8:9B:C8:7E:1F 2C:F8:9B:C8:7E:1D 2C:F8:9B:C8:7E:1E 2C:F8:9B:C8:7E:1B 2C:F8:9B:C8:7E:1C 2C:F8:9B:C8:7E:1A 2C:F8:9B:C8:7E:20 2C:F8:9B:C8:7E:27 2C:F8:9B:C8:7E:28 2C:F8:9B:C8:7E:25 2C:F8:9B:C8:7E:26 2C:F8:9B:C8:7E:23 2C:F8:9B:C8:7E:24 2C:F8:9B:C8:7E:21 2C:F8:9B:C8:7E:22 | Y3: Policy Compliance | Z3: 0 | AA3: 0 | AD3: 0 | AE3: 0 | AI3: 2026-04-20T14:59:05.184Z | AJ3: 2026-04-20T15:05:16.326Z | AK3: null | AN3: template-80295fee-c9f5-bb4f-0422-3f46012f5e2bba99a3058425a248 | AO3: c4785404-6646-486d-b008-461e60f4e791 | AP3: 2026-04-20T15:07:01.239Z | AQ3: 2026-04-20T15:02:50Z | AS3: TRUE | AT3: None | AU3: 0 | AV3: 0 | AX3: 39 | AY3: local | AZ3: $Revision: 1.887 $ | BB3: 2026-04-16T00:00:00Z | BC3: 2010-05-17T00:00:00Z | BD3: FALSE | BE3: FALSE | BF3: FALSE | BG3: FALSE | BH3: FALSE | BI3: FALSE | BJ3: FALSE | BK3: FALSE | BL3: FALSE | BM3: FALSE | BN3: FALSE | BO3: FALSE | BP3: FALSE
A4: 46689 | C4: 0 | D4: None | E4: hth2-ipflex-hth2-cube1.hilltop.systems | F4: tcp | G4: 0 | H4: Cisco IOS Compliance Checks | I4: Compliance checks for Cisco IOS devices. | J4: =MID($N4,FIND("1.",$N4),FIND("-",$N4)-FIND("1.",$N4)-1) -> 1.0002 | K4: =MID($N4,FIND("NETIOS - ",$N4)+8,FIND(":",$N4,40)-FIND("NETIOS - ",$N4)-8) -> Enable 'aaa authentication login | L4: =MID($N4,FIND("1.",$N4),FIND("[",$N4)-1-FIND("1.",$N4)-1) -> 1.0002 - NETIOS - Enable 'aaa authentication login | M4: =MID($N4,FIND("[",$N4)+1,FIND("]",$N4)-FIND("[",$N4)-1) -> PASSED | N4: "1.0002 - NETIOS - Enable 'aaa authentication login: [PASSED]" Sets authentication, authorization and accounting (AAA) authentication at login. See Also: See HTH Policies and Standards Reference: NIST 800-53r5|AC-2(1) Policy Value: CONFIG_CHECK item: aaa authentication login Actual Value: aaa authentication login CON-Access group ISE-TACACS local <---- aaa authentication login VTY-Access group ISE-TACACS local <---- | O4: N/A | R4: 549e7be8-1405-4274-a37c-56853449b396 | T4: 10.2.166.4 | U4: hth2-ipflex-hth2-cube1.hilltop.systems | X4: A4:6C:2A:B4:73:81 A4:6C:2A:B4:73:82 A4:6C:2A:B4:73:80 | Y4: Policy Compliance | Z4: 0 | AA4: 0 | AD4: 0 | AE4: 0 | AI4: 2026-04-20T14:59:05.184Z | AJ4: 2026-04-20T15:05:16.326Z | AK4: null | AN4: template-80295fee-c9f5-bb4f-0422-3f46012f5e2bba99a3058425a248 | AO4: c4785404-6646-486d-b008-461e60f4e791 | AP4: 2026-04-20T15:07:01.225Z | AQ4: 2026-04-20T15:05:04Z | AS4: TRUE | AT4: None | AU4: 0 | AV4: 0 | AX4: 39 | AY4: local | AZ4: $Revision: 1.887 $ | BB4: 2026-04-16T00:00:00Z | BC4: 2010-05-17T00:00:00Z | BD4: FALSE | BE4: FALSE | BF4: FALSE | BG4: FALSE | BH4: FALSE | BI4: FALSE | BJ4: FALSE | BK4: FALSE | BL4: FALSE | BM4: FALSE | BN4: FALSE | BO4: FALSE | BP4: FALSE
A5: 46689 | C5: 0 | D5: None | E5: wc-harwd-sa-3202-image | F5: tcp | G5: 0 | H5: Cisco IOS Compliance Checks | I5: Compliance checks for Cisco IOS devices. | J5: =MID($N5,FIND("1.",$N5),FIND("-",$N5)-FIND("1.",$N5)-1) -> 1.0002 | K5: =MID($N5,FIND("NETIOS - ",$N5)+8,FIND(":",$N5,40)-FIND("NETIOS - ",$N5)-8) -> Enable 'aaa authentication login | L5: =MID($N5,FIND("1.",$N5),FIND("[",$N5)-1-FIND("1.",$N5)-1) -> 1.0002 - NETIOS - Enable 'aaa authentication login | M5: =MID($N5,FIND("[",$N5)+1,FIND("]",$N5)-FIND("[",$N5)-1) -> PASSED | N5: "1.0002 - NETIOS - Enable 'aaa authentication login: [PASSED]" Sets authentication, authorization and accounting (AAA) authentication at login. See Also: See HTH Policies and Standards Reference: NIST 800-53r5|AC-2(1) Policy Value: CONFIG_CHECK item: aaa authentication login Actual Value: aaa authentication login default group HTH-ISE local-case <---- aaa authentication login HTH-ISE local-case <---- | O5: N/A | R5: ed63f2e6-8ee8-4077-bff4-4307d8534492 | T5: 10.132.172.254 | U5: wc-harwd-sa-3202-image | X5: 2C:F8:9B:C8:7E:09 2C:F8:9B:C8:7E:07 2C:F8:9B:C8:7E:08 2C:F8:9B:C8:7E:0E 2C:F8:9B:C8:7E:0F 2C:F8:9B:C8:7E:0C 2C:F8:9B:C8:7E:0D 2C:F8:9B:C8:7E:0A 2C:F8:9B:C8:7E:0B 2C:F8:9B:C8:7E:16 2C:F8:9B:C8:7E:17 2C:F8:9B:C8:7E:14 2C:F8:9B:C8:7E:15 2C:F8:9B:C8:7E:12 2C:F8:9B:C8:7E:13 2C:F8:9B:C8:7E:10 2C:F8:9B:C8:7E:11 2C:F8:9B:C8:7E:05 2C:F8:9B:C8:7E:06 2C:F8:9B:C8:7E:03 2C:F8:9B:C8:7E:47 2C:F8:9B:C8:7E:04 2C:F8:9B:C8:7E:01 2C:F8:9B:C8:7E:02 2C:F8:9B:C8:7E:00 2C:F8:9B:C8:7E:29 2C:F8:9B:C8:7E:2E 2C:F8:9B:C8:7E:2F 2C:F8:9B:C8:7E:2C 2C:F8:9B:C8:7E:2D 2C:F8:9B:C8:7E:2A 2C:F8:9B:C8:7E:2B 2C:F8:9B:C8:7E:30 2C:F8:9B:C8:7E:31 2C:F8:9B:C8:7E:73 2C:F8:9B:C8:7E:70 2C:F8:9B:C8:7E:34 2C:F8:9B:C8:7E:32 2C:F8:9B:C8:7E:33 2C:F8:9B:C8:7E:18 2C:F8:9B:C8:7E:19 2C:F8:9B:C8:7E:1F 2C:F8:9B:C8:7E:1D 2C:F8:9B:C8:7E:1E 2C:F8:9B:C8:7E:1B 2C:F8:9B:C8:7E:1C 2C:F8:9B:C8:7E:1A 2C:F8:9B:C8:7E:20 2C:F8:9B:C8:7E:27 2C:F8:9B:C8:7E:28 2C:F8:9B:C8:7E:25 2C:F8:9B:C8:7E:26 2C:F8:9B:C8:7E:23 2C:F8:9B:C8:7E:24 2C:F8:9B:C8:7E:21 2C:F8:9B:C8:7E:22 | Y5: Policy Compliance | Z5: 0 | AA5: 0 | AD5: 0 | AE5: 0 | AI5: 2026-04-20T14:59:05.184Z | AJ5: 2026-04-20T15:05:16.326Z | AK5: null | AN5: template-80295fee-c9f5-bb4f-0422-3f46012f5e2bba99a3058425a248 | AO5: c4785404-6646-486d-b008-461e60f4e791 | AP5: 2026-04-20T15:07:01.236Z | AQ5: 2026-04-20T15:02:50Z | AS5: TRUE | AT5: None | AU5: 0 | AV5: 0 | AX5: 39 | AY5: local | AZ5: $Revision: 1.887 $ | BB5: 2026-04-16T00:00:00Z | BC5: 2010-05-17T00:00:00Z | BD5: FALSE | BE5: FALSE | BF5: FALSE | BG5: FALSE | BH5: FALSE | BI5: FALSE | BJ5: FALSE | BK5: FALSE | BL5: FALSE | BM5: FALSE | BN5: FALSE | BO5: FALSE | BP5: FALSE
A6: 46689 | C6: 0 | D6: High | E6: wc-harwd-sa-3202-image | F6: tcp | G6: 0 | H6: Cisco IOS Compliance Checks | I6: Compliance checks for Cisco IOS devices. | J6: =MID($N6,FIND("1.",$N6),FIND("-",$N6)-FIND("1.",$N6)-1) -> 1.0003 | K6: =MID($N6,FIND("NETIOS - ",$N6)+8,FIND(":",$N6,40)-FIND("NETIOS - ",$N6)-8) -> Set 'login authentication for 'line vty | L6: =MID($N6,FIND("1.",$N6),FIND("[",$N6)-1-FIND("1.",$N6)-1) -> 1.0003 - NETIOS - Set 'login authentication for 'line vty | M6: =MID($N6,FIND("[",$N6)+1,FIND("]",$N6)-FIND("[",$N6)-1) -> FAILED | N6: "1.0003 - NETIOS - Set 'login authentication for 'line vty: [FAILED]" Authenticates users who access the router or switch remotely through the VTY port. See Also: See HTH Policies and Standards Reference: NIST 800-53r5|AC-2(1) Policy Value: CONFIG_CHECK item: login authentication .+ context: line vty .+ Actual Value: line vty 0 4 transport input ssh Expected configuration: login authentication .+ line vty 5 31 transport input ssh Expected configuration: login authentication .+ | O6: N/A | R6: ed63f2e6-8ee8-4077-bff4-4307d8534492 | T6: 10.132.172.254 | U6: wc-harwd-sa-3202-image | X6: 2C:F8:9B:C8:7E:09 2C:F8:9B:C8:7E:07 2C:F8:9B:C8:7E:08 2C:F8:9B:C8:7E:0E 2C:F8:9B:C8:7E:0F 2C:F8:9B:C8:7E:0C 2C:F8:9B:C8:7E:0D 2C:F8:9B:C8:7E:0A 2C:F8:9B:C8:7E:0B 2C:F8:9B:C8:7E:16 2C:F8:9B:C8:7E:17 2C:F8:9B:C8:7E:14 2C:F8:9B:C8:7E:15 2C:F8:9B:C8:7E:12 2C:F8:9B:C8:7E:13 2C:F8:9B:C8:7E:10 2C:F8:9B:C8:7E:11 2C:F8:9B:C8:7E:05 2C:F8:9B:C8:7E:06 2C:F8:9B:C8:7E:03 2C:F8:9B:C8:7E:47 2C:F8:9B:C8:7E:04 2C:F8:9B:C8:7E:01 2C:F8:9B:C8:7E:02 2C:F8:9B:C8:7E:00 2C:F8:9B:C8:7E:29 2C:F8:9B:C8:7E:2E 2C:F8:9B:C8:7E:2F 2C:F8:9B:C8:7E:2C 2C:F8:9B:C8:7E:2D 2C:F8:9B:C8:7E:2A 2C:F8:9B:C8:7E:2B 2C:F8:9B:C8:7E:30 2C:F8:9B:C8:7E:31 2C:F8:9B:C8:7E:73 2C:F8:9B:C8:7E:70 2C:F8:9B:C8:7E:34 2C:F8:9B:C8:7E:32 2C:F8:9B:C8:7E:33 2C:F8:9B:C8:7E:18 2C:F8:9B:C8:7E:19 2C:F8:9B:C8:7E:1F 2C:F8:9B:C8:7E:1D 2C:F8:9B:C8:7E:1E 2C:F8:9B:C8:7E:1B 2C:F8:9B:C8:7E:1C 2C:F8:9B:C8:7E:1A 2C:F8:9B:C8:7E:20 2C:F8:9B:C8:7E:27 2C:F8:9B:C8:7E:28 2C:F8:9B:C8:7E:25 2C:F8:9B:C8:7E:26 2C:F8:9B:C8:7E:23 2C:F8:9B:C8:7E:24 2C:F8:9B:C8:7E:21 2C:F8:9B:C8:7E:22 | Y6: Policy Compliance | Z6: 0 | AA6: 0 | AD6: 0 | AE6: 0 | AI6: 2026-04-20T14:59:05.184Z | AJ6: 2026-04-20T15:05:16.326Z | AK6: null | AN6: template-80295fee-c9f5-bb4f-0422-3f46012f5e2bba99a3058425a248 | AO6: c4785404-6646-486d-b008-461e60f4e791 | AP6: 2026-04-20T15:07:01.239Z | AQ6: 2026-04-20T15:02:50Z | AS6: TRUE | AT6: None | AU6: 0 | AV6: 0 | AX6: 39 | AY6: local | AZ6: $Revision: 1.887 $ | BB6: 2026-04-16T00:00:00Z | BC6: 2010-05-17T00:00:00Z | BD6: FALSE | BE6: FALSE | BF6: FALSE | BG6: FALSE | BH6: FALSE | BI6: FALSE | BJ6: FALSE | BK6: FALSE | BL6: FALSE | BM6: FALSE | BN6: FALSE | BO6: FALSE | BP6: FALSE
A7: 46689 | C7: 0 | D7: None | E7: hth2-ipflex-hth2-cube1.hilltop.systems | F7: tcp | G7: 0 | H7: Cisco IOS Compliance Checks | I7: Compliance checks for Cisco IOS devices. | J7: =MID($N7,FIND("1.",$N7),FIND("-",$N7)-FIND("1.",$N7)-1) -> 1.0003 | K7: =MID($N7,FIND("NETIOS - ",$N7)+8,FIND(":",$N7,40)-FIND("NETIOS - ",$N7)-8) -> Set 'login authentication for 'line vty | L7: =MID($N7,FIND("1.",$N7),FIND("[",$N7)-1-FIND("1.",$N7)-1) -> 1.0003 - NETIOS - Set 'login authentication for 'line vty | M7: =MID($N7,FIND("[",$N7)+1,FIND("]",$N7)-FIND("[",$N7)-1) -> PASSED | N7: "1.0003 - NETIOS - Set 'login authentication for 'line vty: [PASSED]" Authenticates users who access the router or switch remotely through the VTY port. See Also: See HTH Policies and Standards Reference: NIST 800-53r5|AC-2(1) Policy Value: CONFIG_CHECK item: login authentication .+ context: line vty .+ Actual Value: line vty 0 4 exec-timeout 15 0 privilege level 15 password 7 04681B07012A551F logging synchronous login authentication VTY-Access <---- length 0 transport input ssh transport output ssh | O7: N/A | R7: 549e7be8-1405-4274-a37c-56853449b396 | T7: 10.2.166.4 | U7: hth2-ipflex-hth2-cube1.hilltop.systems | X7: A4:6C:2A:B4:73:81 A4:6C:2A:B4:73:82 A4:6C:2A:B4:73:80 | Y7: Policy Compliance | Z7: 0 | AA7: 0 | AD7: 0 | AE7: 0 | AI7: 2026-04-20T14:59:05.184Z | AJ7: 2026-04-20T15:05:16.326Z | AK7: null | AN7: template-80295fee-c9f5-bb4f-0422-3f46012f5e2bba99a3058425a248 | AO7: c4785404-6646-486d-b008-461e60f4e791 | AP7: 2026-04-20T15:07:01.224Z | AQ7: 2026-04-20T15:05:04Z | AS7: TRUE | AT7: None | AU7: 0 | AV7: 0 | AX7: 39 | AY7: local | AZ7: $Revision: 1.887 $ | BB7: 2026-04-16T00:00:00Z | BC7: 2010-05-17T00:00:00Z | BD7: FALSE | BE7: FALSE | BF7: FALSE | BG7: FALSE | BH7: FALSE | BI7: FALSE | BJ7: FALSE | BK7: FALSE | BL7: FALSE | BM7: FALSE | BN7: FALSE | BO7: FALSE | BP7: FALSE
A8: 46689 | C8: 0 | D8: None | E8: hth2-ipflex-hth2-cube1.hilltop.systems | F8: tcp | G8: 0 | H8: Cisco IOS Compliance Checks | I8: Compliance checks for Cisco IOS devices. | J8: =MID($N8,FIND("1.",$N8),FIND("-",$N8)-FIND("1.",$N8)-1) -> 1.0004 | K8: =MID($N8,FIND("NETIOS - ",$N8)+8,FIND(":",$N8,40)-FIND("NETIOS - ",$N8)-8) -> Set 'transport input ssh' for 'line vty' connections | L8: =MID($N8,FIND("1.",$N8),FIND("[",$N8)-1-FIND("1.",$N8)-1) -> 1.0004 - NETIOS - Set 'transport input ssh' for 'line vty' connections | M8: =MID($N8,FIND("[",$N8)+1,FIND("]",$N8)-FIND("[",$N8)-1) -> PASSED | N8: "1.0004 - NETIOS - Set 'transport input ssh' for 'line vty' connections: [PASSED]" Selects the Secure Shell (SSH) protocol. See Also: See HTH Policies and Standards Reference: NIST 800-53r5|IA-2(1) Policy Value: CONFIG_CHECK item: transport input ssh$ context: line vty .+ Actual Value: line vty 0 4 exec-timeout 15 0 privilege level 15 password 7 04681B07012A551F logging synchronous login authentication VTY-Access length 0 transport input ssh <---- transport output ssh | O8: N/A | R8: 549e7be8-1405-4274-a37c-56853449b396 | T8: 10.2.166.4 | U8: hth2-ipflex-hth2-cube1.hilltop.systems | X8: A4:6C:2A:B4:73:81 A4:6C:2A:B4:73:82 A4:6C:2A:B4:73:80 | Y8: Policy Compliance | Z8: 0 | AA8: 0 | AD8: 0 | AE8: 0 | AI8: 2026-04-20T14:59:05.184Z | AJ8: 2026-04-20T15:05:16.326Z | AK8: null | AN8: template-80295fee-c9f5-bb4f-0422-3f46012f5e2bba99a3058425a248 | AO8: c4785404-6646-486d-b008-461e60f4e791 | AP8: 2026-04-20T15:07:01.224Z | AQ8: 2026-04-20T15:05:04Z | AS8: TRUE | AT8: None | AU8: 0 | AV8: 0 | AX8: 39 | AY8: local | AZ8: $Revision: 1.887 $ | BB8: 2026-04-16T00:00:00Z | BC8: 2010-05-17T00:00:00Z | BD8: FALSE | BE8: FALSE | BF8: FALSE | BG8: FALSE | BH8: FALSE | BI8: FALSE | BJ8: FALSE | BK8: FALSE | BL8: FALSE | BM8: FALSE | BN8: FALSE | BO8: FALSE | BP8: FALSE
A9: 46689 | C9: 0 | D9: None | E9: wc-harwd-sa-3202-image | F9: tcp | G9: 0 | H9: Cisco IOS Compliance Checks | I9: Compliance checks for Cisco IOS devices. | J9: =MID($N9,FIND("1.",$N9),FIND("-",$N9)-FIND("1.",$N9)-1) -> 1.0004 | K9: =MID($N9,FIND("NETIOS - ",$N9)+8,FIND(":",$N9,40)-FIND("NETIOS - ",$N9)-8) -> Set 'transport input ssh' for 'line vty' connections | L9: =MID($N9,FIND("1.",$N9),FIND("[",$N9)-1-FIND("1.",$N9)-1) -> 1.0004 - NETIOS - Set 'transport input ssh' for 'line vty' connections | M9: =MID($N9,FIND("[",$N9)+1,FIND("]",$N9)-FIND("[",$N9)-1) -> PASSED | N9: "1.0004 - NETIOS - Set 'transport input ssh' for 'line vty' connections: [PASSED]" Selects the Secure Shell (SSH) protocol. See Also: See HTH Policies and Standards Reference: NIST 800-53r5|IA-2(1) Policy Value: CONFIG_CHECK item: transport input ssh$ context: line vty .+ Actual Value: line vty 0 4 transport input ssh <---- line vty 5 31 transport input ssh <---- | O9: N/A | R9: ed63f2e6-8ee8-4077-bff4-4307d8534492 | T9: 10.132.172.254 | U9: wc-harwd-sa-3202-image | X9: 2C:F8:9B:C8:7E:09 2C:F8:9B:C8:7E:07 2C:F8:9B:C8:7E:08 2C:F8:9B:C8:7E:0E 2C:F8:9B:C8:7E:0F 2C:F8:9B:C8:7E:0C 2C:F8:9B:C8:7E:0D 2C:F8:9B:C8:7E:0A 2C:F8:9B:C8:7E:0B 2C:F8:9B:C8:7E:16 2C:F8:9B:C8:7E:17 2C:F8:9B:C8:7E:14 2C:F8:9B:C8:7E:15 2C:F8:9B:C8:7E:12 2C:F8:9B:C8:7E:13 2C:F8:9B:C8:7E:10 2C:F8:9B:C8:7E:11 2C:F8:9B:C8:7E:05 2C:F8:9B:C8:7E:06 2C:F8:9B:C8:7E:03 2C:F8:9B:C8:7E:47 2C:F8:9B:C8:7E:04 2C:F8:9B:C8:7E:01 2C:F8:9B:C8:7E:02 2C:F8:9B:C8:7E:00 2C:F8:9B:C8:7E:29 2C:F8:9B:C8:7E:2E 2C:F8:9B:C8:7E:2F 2C:F8:9B:C8:7E:2C 2C:F8:9B:C8:7E:2D 2C:F8:9B:C8:7E:2A 2C:F8:9B:C8:7E:2B 2C:F8:9B:C8:7E:30 2C:F8:9B:C8:7E:31 2C:F8:9B:C8:7E:73 2C:F8:9B:C8:7E:70 2C:F8:9B:C8:7E:34 2C:F8:9B:C8:7E:32 2C:F8:9B:C8:7E:33 2C:F8:9B:C8:7E:18 2C:F8:9B:C8:7E:19 2C:F8:9B:C8:7E:1F 2C:F8:9B:C8:7E:1D 2C:F8:9B:C8:7E:1E 2C:F8:9B:C8:7E:1B 2C:F8:9B:C8:7E:1C 2C:F8:9B:C8:7E:1A 2C:F8:9B:C8:7E:20 2C:F8:9B:C8:7E:27 2C:F8:9B:C8:7E:28 2C:F8:9B:C8:7E:25 2C:F8:9B:C8:7E:26 2C:F8:9B:C8:7E:23 2C:F8:9B:C8:7E:24 2C:F8:9B:C8:7E:21 2C:F8:9B:C8:7E:22 | Y9: Policy Compliance | Z9: 0 | AA9: 0 | AD9: 0 | AE9: 0 | AI9: 2026-04-20T14:59:05.184Z | AJ9: 2026-04-20T15:05:16.326Z | AK9: null | AN9: template-80295fee-c9f5-bb4f-0422-3f46012f5e2bba99a3058425a248 | AO9: c4785404-6646-486d-b008-461e60f4e791 | AP9: 2026-04-20T15:07:01.226Z | AQ9: 2026-04-20T15:02:50Z | AS9: TRUE | AT9: None | AU9: 0 | AV9: 0 | AX9: 39 | AY9: local | AZ9: $Revision: 1.887 $ | BB9: 2026-04-16T00:00:00Z | BC9: 2010-05-17T00:00:00Z | BD9: FALSE | BE9: FALSE | BF9: FALSE | BG9: FALSE | BH9: FALSE | BI9: FALSE | BJ9: FALSE | BK9: FALSE | BL9: FALSE | BM9: FALSE | BN9: FALSE | BO9: FALSE | BP9: FALSE
A10: 46689 | C10: 0 | D10: None | E10: hth2-ipflex-hth2-cube1.hilltop.systems | F10: tcp | G10: 0 | H10: Cisco IOS Compliance Checks | I10: Compliance checks for Cisco IOS devices. | J10: =MID($N10,FIND("1.",$N10),FIND("-",$N10)-FIND("1.",$N10)-1) -> 1.0005 | K10: =MID($N10,FIND("NETIOS - ",$N10)+8,FIND(":",$N10,40)-FIND("NETIOS - ",$N10)-8) -> Set 'password' for 'enable secret | L10: =MID($N10,FIND("1.",$N10),FIND("[",$N10)-1-FIND("1.",$N10)-1) -> 1.0005 - NETIOS - Set 'password' for 'enable secret | M10: =MID($N10,FIND("[",$N10)+1,FIND("]",$N10)-FIND("[",$N10)-1) -> PASSED | N10: "1.0005 - NETIOS - Set 'password' for 'enable secret: [PASSED]" Enable secret password type 5 and enable secret password type 5 must be migrated to the stronger password type 8 or 9. See Also: See HTH Policies and Standards Reference: NIST 800-53r5|AC-6(2) AC-6(5) Policy Value: CONFIG_CHECK item: enable secret [^ ]+ Actual Value: enable secret 5 $1$uhIg$.BzYCWKUy20Kl3.f78xEz/ <---- | O10: N/A | R10: 549e7be8-1405-4274-a37c-56853449b396 | T10: 10.2.166.4 | U10: hth2-ipflex-hth2-cube1.hilltop.systems | X10: A4:6C:2A:B4:73:81 A4:6C:2A:B4:73:82 A4:6C:2A:B4:73:80 | Y10: Policy Compliance | Z10: 0 | AA10: 0 | AD10: 0 | AE10: 0 | AI10: 2026-04-20T14:59:05.184Z | AJ10: 2026-04-20T15:05:16.326Z | AK10: null | AN10: template-80295fee-c9f5-bb4f-0422-3f46012f5e2bba99a3058425a248 | AO10: c4785404-6646-486d-b008-461e60f4e791 | AP10: 2026-04-20T15:07:01.218Z | AQ10: 2026-04-20T15:05:04Z | AS10: TRUE | AT10: None | AU10: 0 | AV10: 0 | AX10: 39 | AY10: local | AZ10: $Revision: 1.887 $ | BB10: 2026-04-16T00:00:00Z | BC10: 2010-05-17T00:00:00Z | BD10: FALSE | BE10: FALSE | BF10: FALSE | BG10: FALSE | BH10: FALSE | BI10: FALSE | BJ10: FALSE | BK10: FALSE | BL10: FALSE | BM10: FALSE | BN10: FALSE | BO10: FALSE | BP10: FALSE
A11: 46689 | C11: 0 | D11: None | E11: wc-harwd-sa-3202-image | F11: tcp | G11: 0 | H11: Cisco IOS Compliance Checks | I11: Compliance checks for Cisco IOS devices. | J11: =MID($N11,FIND("1.",$N11),FIND("-",$N11)-FIND("1.",$N11)-1) -> 1.0005 | K11: =MID($N11,FIND("NETIOS - ",$N11)+8,FIND(":",$N11,40)-FIND("NETIOS - ",$N11)-8) -> Set 'password' for 'enable secret | L11: =MID($N11,FIND("1.",$N11),FIND("[",$N11)-1-FIND("1.",$N11)-1) -> 1.0005 - NETIOS - Set 'password' for 'enable secret | M11: =MID($N11,FIND("[",$N11)+1,FIND("]",$N11)-FIND("[",$N11)-1) -> PASSED | N11: "1.0005 - NETIOS - Set 'password' for 'enable secret: [PASSED]" Enable secret password type 5 and enable secret password type 5 must be migrated to the stronger password type 8 or 9. See Also: See HTH Policies and Standards Reference: NIST 800-53r5|AC-6(2) AC-6(5) Policy Value: CONFIG_CHECK item: enable secret [^ ]+ Actual Value: enable secret 9 $14$Z1NL$53wlqErEEDCDlk$td5Z8TPaISnbZwCbf7oi51kS9Y0cQas2ClrSu4JqoiY <---- | O11: N/A | R11: ed63f2e6-8ee8-4077-bff4-4307d8534492 | T11: 10.132.172.254 | U11: wc-harwd-sa-3202-image | X11: 2C:F8:9B:C8:7E:09 2C:F8:9B:C8:7E:07 2C:F8:9B:C8:7E:08 2C:F8:9B:C8:7E:0E 2C:F8:9B:C8:7E:0F 2C:F8:9B:C8:7E:0C 2C:F8:9B:C8:7E:0D 2C:F8:9B:C8:7E:0A 2C:F8:9B:C8:7E:0B 2C:F8:9B:C8:7E:16 2C:F8:9B:C8:7E:17 2C:F8:9B:C8:7E:14 2C:F8:9B:C8:7E:15 2C:F8:9B:C8:7E:12 2C:F8:9B:C8:7E:13 2C:F8:9B:C8:7E:10 2C:F8:9B:C8:7E:11 2C:F8:9B:C8:7E:05 2C:F8:9B:C8:7E:06 2C:F8:9B:C8:7E:03 2C:F8:9B:C8:7E:47 2C:F8:9B:C8:7E:04 2C:F8:9B:C8:7E:01 2C:F8:9B:C8:7E:02 2C:F8:9B:C8:7E:00 2C:F8:9B:C8:7E:29 2C:F8:9B:C8:7E:2E 2C:F8:9B:C8:7E:2F 2C:F8:9B:C8:7E:2C 2C:F8:9B:C8:7E:2D 2C:F8:9B:C8:7E:2A 2C:F8:9B:C8:7E:2B 2C:F8:9B:C8:7E:30 2C:F8:9B:C8:7E:31 2C:F8:9B:C8:7E:73 2C:F8:9B:C8:7E:70 2C:F8:9B:C8:7E:34 2C:F8:9B:C8:7E:32 2C:F8:9B:C8:7E:33 2C:F8:9B:C8:7E:18 2C:F8:9B:C8:7E:19 2C:F8:9B:C8:7E:1F 2C:F8:9B:C8:7E:1D 2C:F8:9B:C8:7E:1E 2C:F8:9B:C8:7E:1B 2C:F8:9B:C8:7E:1C 2C:F8:9B:C8:7E:1A 2C:F8:9B:C8:7E:20 2C:F8:9B:C8:7E:27 2C:F8:9B:C8:7E:28 2C:F8:9B:C8:7E:25 2C:F8:9B:C8:7E:26 2C:F8:9B:C8:7E:23 2C:F8:9B:C8:7E:24 2C:F8:9B:C8:7E:21 2C:F8:9B:C8:7E:22 | Y11: Policy Compliance | Z11: 0 | AA11: 0 | AD11: 0 | AE11: 0 | AI11: 2026-04-20T14:59:05.184Z | AJ11: 2026-04-20T15:05:16.326Z | AK11: null | AN11: template-80295fee-c9f5-bb4f-0422-3f46012f5e2bba99a3058425a248 | AO11: c4785404-6646-486d-b008-461e60f4e791 | AP11: 2026-04-20T15:07:01.238Z | AQ11: 2026-04-20T15:02:50Z | AS11: TRUE | AT11: None | AU11: 0 | AV11: 0 | AX11: 39 | AY11: local | AZ11: $Revision: 1.887 $ | BB11: 2026-04-16T00:00:00Z | BC11: 2010-05-17T00:00:00Z | BD11: FALSE | BE11: FALSE | BF11: FALSE | BG11: FALSE | BH11: FALSE | BI11: FALSE | BJ11: FALSE | BK11: FALSE | BL11: FALSE | BM11: FALSE | BN11: FALSE | BO11: FALSE | BP11: FALSE
A12: 46689 | C12: 0 | D12: None | E12: hth2-ipflex-hth2-cube1.hilltop.systems | F12: tcp | G12: 0 | H12: Cisco IOS Compliance Checks | I12: Compliance checks for Cisco IOS devices. | J12: =MID($N12,FIND("1.",$N12),FIND("-",$N12)-FIND("1.",$N12)-1) -> 1.0006 | K12: =MID($N12,FIND("NETIOS - ",$N12)+8,FIND(":",$N12,40)-FIND("NETIOS - ",$N12)-8) -> Enable 'service password-encryption | L12: =MID($N12,FIND("1.",$N12),FIND("[",$N12)-1-FIND("1.",$N12)-1) -> 1.0006 - NETIOS - Enable 'service password-encryption | M12: =MID($N12,FIND("[",$N12)+1,FIND("]",$N12)-FIND("[",$N12)-1) -> PASSED | N12: "1.0006 - NETIOS - Enable 'service password-encryption: [PASSED]" When password encryption is enabled, the encrypted form of the passwords is displayed when a more system:running-config command is entered. See Also: See HTH Policies and Standards Reference: NIST 800-53r5|IA-5(1) SC-28 SC-28(1) Policy Value: CONFIG_CHECK item: service password-encryption Actual Value: service password-encryption <---- | O12: N/A | R12: 549e7be8-1405-4274-a37c-56853449b396 | T12: 10.2.166.4 | U12: hth2-ipflex-hth2-cube1.hilltop.systems | X12: A4:6C:2A:B4:73:81 A4:6C:2A:B4:73:82 A4:6C:2A:B4:73:80 | Y12: Policy Compliance | Z12: 0 | AA12: 0 | AD12: 0 | AE12: 0 | AI12: 2026-04-20T14:59:05.184Z | AJ12: 2026-04-20T15:05:16.326Z | AK12: null | AN12: template-80295fee-c9f5-bb4f-0422-3f46012f5e2bba99a3058425a248 | AO12: c4785404-6646-486d-b008-461e60f4e791 | AP12: 2026-04-20T15:07:01.213Z | AQ12: 2026-04-20T15:05:04Z | AS12: TRUE | AT12: None | AU12: 0 | AV12: 0 | AX12: 39 | AY12: local | AZ12: $Revision: 1.887 $ | BB12: 2026-04-16T00:00:00Z | BC12: 2010-05-17T00:00:00Z | BD12: FALSE | BE12: FALSE | BF12: FALSE | BG12: FALSE | BH12: FALSE | BI12: FALSE | BJ12: FALSE | BK12: FALSE | BL12: FALSE | BM12: FALSE | BN12: FALSE | BO12: FALSE | BP12: FALSE
A13: 46689 | C13: 0 | D13: None | E13: wc-harwd-sa-3202-image | F13: tcp | G13: 0 | H13: Cisco IOS Compliance Checks | I13: Compliance checks for Cisco IOS devices. | J13: =MID($N13,FIND("1.",$N13),FIND("-",$N13)-FIND("1.",$N13)-1) -> 1.0006 | K13: =MID($N13,FIND("NETIOS - ",$N13)+8,FIND(":",$N13,40)-FIND("NETIOS - ",$N13)-8) -> Enable 'service password-encryption | L13: =MID($N13,FIND("1.",$N13),FIND("[",$N13)-1-FIND("1.",$N13)-1) -> 1.0006 - NETIOS - Enable 'service password-encryption | M13: =MID($N13,FIND("[",$N13)+1,FIND("]",$N13)-FIND("[",$N13)-1) -> PASSED | N13: "1.0006 - NETIOS - Enable 'service password-encryption: [PASSED]" When password encryption is enabled, the encrypted form of the passwords is displayed when a more system:running-config command is entered. See Also: See HTH Policies and Standards Reference: NIST 800-53r5|IA-5(1) SC-28 SC-28(1) Policy Value: CONFIG_CHECK item: service password-encryption Actual Value: service password-encryption <---- | O13: N/A | R13: ed63f2e6-8ee8-4077-bff4-4307d8534492 | T13: 10.132.172.254 | U13: wc-harwd-sa-3202-image | X13: 2C:F8:9B:C8:7E:09 2C:F8:9B:C8:7E:07 2C:F8:9B:C8:7E:08 2C:F8:9B:C8:7E:0E 2C:F8:9B:C8:7E:0F 2C:F8:9B:C8:7E:0C 2C:F8:9B:C8:7E:0D 2C:F8:9B:C8:7E:0A 2C:F8:9B:C8:7E:0B 2C:F8:9B:C8:7E:16 2C:F8:9B:C8:7E:17 2C:F8:9B:C8:7E:14 2C:F8:9B:C8:7E:15 2C:F8:9B:C8:7E:12 2C:F8:9B:C8:7E:13 2C:F8:9B:C8:7E:10 2C:F8:9B:C8:7E:11 2C:F8:9B:C8:7E:05 2C:F8:9B:C8:7E:06 2C:F8:9B:C8:7E:03 2C:F8:9B:C8:7E:47 2C:F8:9B:C8:7E:04 2C:F8:9B:C8:7E:01 2C:F8:9B:C8:7E:02 2C:F8:9B:C8:7E:00 2C:F8:9B:C8:7E:29 2C:F8:9B:C8:7E:2E 2C:F8:9B:C8:7E:2F 2C:F8:9B:C8:7E:2C 2C:F8:9B:C8:7E:2D 2C:F8:9B:C8:7E:2A 2C:F8:9B:C8:7E:2B 2C:F8:9B:C8:7E:30 2C:F8:9B:C8:7E:31 2C:F8:9B:C8:7E:73 2C:F8:9B:C8:7E:70 2C:F8:9B:C8:7E:34 2C:F8:9B:C8:7E:32 2C:F8:9B:C8:7E:33 2C:F8:9B:C8:7E:18 2C:F8:9B:C8:7E:19 2C:F8:9B:C8:7E:1F 2C:F8:9B:C8:7E:1D 2C:F8:9B:C8:7E:1E 2C:F8:9B:C8:7E:1B 2C:F8:9B:C8:7E:1C 2C:F8:9B:C8:7E:1A 2C:F8:9B:C8:7E:20 2C:F8:9B:C8:7E:27 2C:F8:9B:C8:7E:28 2C:F8:9B:C8:7E:25 2C:F8:9B:C8:7E:26 2C:F8:9B:C8:7E:23 2C:F8:9B:C8:7E:24 2C:F8:9B:C8:7E:21 2C:F8:9B:C8:7E:22 | Y13: Policy Compliance | Z13: 0 | AA13: 0 | AD13: 0 | AE13: 0 | AI13: 2026-04-20T14:59:05.184Z | AJ13: 2026-04-20T15:05:16.326Z | AK13: null | AN13: template-80295fee-c9f5-bb4f-0422-3f46012f5e2bba99a3058425a248 | AO13: c4785404-6646-486d-b008-461e60f4e791 | AP13: 2026-04-20T15:07:01.232Z | AQ13: 2026-04-20T15:02:50Z | AS13: TRUE | AT13: None | AU13: 0 | AV13: 0 | AX13: 39 | AY13: local | AZ13: $Revision: 1.887 $ | BB13: 2026-04-16T00:00:00Z | BC13: 2010-05-17T00:00:00Z | BD13: FALSE | BE13: FALSE | BF13: FALSE | BG13: FALSE | BH13: FALSE | BI13: FALSE | BJ13: FALSE | BK13: FALSE | BL13: FALSE | BM13: FALSE | BN13: FALSE | BO13: FALSE | BP13: FALSE
A14: 46689 | C14: 0 | D14: None | E14: hth2-ipflex-hth2-cube1.hilltop.systems | F14: tcp | G14: 0 | H14: Cisco IOS Compliance Checks | I14: Compliance checks for Cisco IOS devices. | J14: =MID($N14,FIND("1.",$N14),FIND("-",$N14)-FIND("1.",$N14)-1) -> 1.0007 | K14: =MID($N14,FIND("NETIOS - ",$N14)+8,FIND(":",$N14,40)-FIND("NETIOS - ",$N14)-8) -> Set 'username secret' for all local users | L14: =MID($N14,FIND("1.",$N14),FIND("[",$N14)-1-FIND("1.",$N14)-1) -> 1.0007 - NETIOS - Set 'username secret' for all local users | M14: =MID($N14,FIND("[",$N14)+1,FIND("]",$N14)-FIND("[",$N14)-1) -> PASSED | N14: "1.0007 - NETIOS - Set 'username secret' for all local users: [PASSED]" Username secret password type 5 and enable secret password type 5 must be migrated to the stronger password type 8 or 9. See Also: See HTH Policies and Standards Reference: NIST 800-53r5|IA-5(1) SC-28 SC-28(1) Policy Value: CONFIG_CHECK item: username [^ ]+ regex: username .+ secret [^ ]+ Actual Value: username globaladmin privilege 15 secret 5 $1$iknv$WmqdYILsqNKDVIO.mBTZ80 <---- | O14: N/A | R14: 549e7be8-1405-4274-a37c-56853449b396 | T14: 10.2.166.4 | U14: hth2-ipflex-hth2-cube1.hilltop.systems | X14: A4:6C:2A:B4:73:81 A4:6C:2A:B4:73:82 A4:6C:2A:B4:73:80 | Y14: Policy Compliance | Z14: 0 | AA14: 0 | AD14: 0 | AE14: 0 | AI14: 2026-04-20T14:59:05.184Z | AJ14: 2026-04-20T15:05:16.326Z | AK14: null | AN14: template-80295fee-c9f5-bb4f-0422-3f46012f5e2bba99a3058425a248 | AO14: c4785404-6646-486d-b008-461e60f4e791 | AP14: 2026-04-20T15:07:01.213Z | AQ14: 2026-04-20T15:05:04Z | AS14: TRUE | AT14: None | AU14: 0 | AV14: 0 | AX14: 39 | AY14: local | AZ14: $Revision: 1.887 $ | BB14: 2026-04-16T00:00:00Z | BC14: 2010-05-17T00:00:00Z | BD14: FALSE | BE14: FALSE | BF14: FALSE | BG14: FALSE | BH14: FALSE | BI14: FALSE | BJ14: FALSE | BK14: FALSE | BL14: FALSE | BM14: FALSE | BN14: FALSE | BO14: FALSE | BP14: FALSE
... A49: 46689 | C49: 0 | D49: None | E49: wc-harwd-sa-3202-image | F49: tcp | G49: 0 | H49: Cisco IOS Compliance Checks | I49: Compliance checks for Cisco IOS devices. | J49: =MID($N49,FIND("1.",$N49),FIND("-",$N49)-FIND("1.",$N49)-1) -> 1.0024 | K49: =MID($N49,FIND("NETIOS - ",$N49)+8,FIND(":",$N49,40)-FIND("NETIOS - ",$N49)-8) -> Enable 'aaa new-model | L49: =MID($N49,FIND("1.",$N49),FIND("[",$N49)-1-FIND("1.",$N49)-1) -> 1.0024 - NETIOS - Enable 'aaa new-model | M49: =MID($N49,FIND("[",$N49)+1,FIND("]",$N49)-FIND("[",$N49)-1) -> PASSED | N49: "1.0024 - NETIOS - Enable 'aaa new-model: [PASSED]" This command enables the AAA access control system. See Also: See HTH Policies and Standards Reference: NIST 800-53r5|AC-2(1) Policy Value: CONFIG_CHECK item: aaa new-model[ ]*$ Actual Value: aaa new-model <---- | O49: N/A | R49: ed63f2e6-8ee8-4077-bff4-4307d8534492 | T49: 10.132.172.254 | U49: wc-harwd-sa-3202-image | X49: 2C:F8:9B:C8:7E:09 2C:F8:9B:C8:7E:07 2C:F8:9B:C8:7E:08 2C:F8:9B:C8:7E:0E 2C:F8:9B:C8:7E:0F 2C:F8:9B:C8:7E:0C 2C:F8:9B:C8:7E:0D 2C:F8:9B:C8:7E:0A 2C:F8:9B:C8:7E:0B 2C:F8:9B:C8:7E:16 2C:F8:9B:C8:7E:17 2C:F8:9B:C8:7E:14 2C:F8:9B:C8:7E:15 2C:F8:9B:C8:7E:12 2C:F8:9B:C8:7E:13 2C:F8:9B:C8:7E:10 2C:F8:9B:C8:7E:11 2C:F8:9B:C8:7E:05 2C:F8:9B:C8:7E:06 2C:F8:9B:C8:7E:03 2C:F8:9B:C8:7E:47 2C:F8:9B:C8:7E:04 2C:F8:9B:C8:7E:01 2C:F8:9B:C8:7E:02 2C:F8:9B:C8:7E:00 2C:F8:9B:C8:7E:29 2C:F8:9B:C8:7E:2E 2C:F8:9B:C8:7E:2F 2C:F8:9B:C8:7E:2C 2C:F8:9B:C8:7E:2D 2C:F8:9B:C8:7E:2A 2C:F8:9B:C8:7E:2B 2C:F8:9B:C8:7E:30 2C:F8:9B:C8:7E:31 2C:F8:9B:C8:7E:73 2C:F8:9B:C8:7E:70 2C:F8:9B:C8:7E:34 2C:F8:9B:C8:7E:32 2C:F8:9B:C8:7E:33 2C:F8:9B:C8:7E:18 2C:F8:9B:C8:7E:19 2C:F8:9B:C8:7E:1F 2C:F8:9B:C8:7E:1D 2C:F8:9B:C8:7E:1E 2C:F8:9B:C8:7E:1B 2C:F8:9B:C8:7E:1C 2C:F8:9B:C8:7E:1A 2C:F8:9B:C8:7E:20 2C:F8:9B:C8:7E:27 2C:F8:9B:C8:7E:28 2C:F8:9B:C8:7E:25 2C:F8:9B:C8:7E:26 2C:F8:9B:C8:7E:23 2C:F8:9B:C8:7E:24 2C:F8:9B:C8:7E:21 2C:F8:9B:C8:7E:22 | Y49: Policy Compliance | Z49: 0 | AA49: 0 | AD49: 0 | AE49: 0 | AI49: 2026-04-20T14:59:05.184Z | AJ49: 2026-04-20T15:05:16.326Z | AK49: null | AN49: template-80295fee-c9f5-bb4f-0422-3f46012f5e2bba99a3058425a248 | AO49: c4785404-6646-486d-b008-461e60f4e791 | AP49: 2026-04-20T15:07:01.246Z | AQ49: 2026-04-20T15:02:50Z | AS49: TRUE | AT49: None | AU49: 0 | AV49: 0 | AX49: 39 | AY49: local | AZ49: $Revision: 1.887 $ | BB49: 2026-04-16T00:00:00Z | BC49: 2010-05-17T00:00:00Z | BD49: FALSE | BE49: FALSE | BF49: FALSE | BG49: FALSE | BH49: FALSE | BI49: FALSE | BJ49: FALSE | BK49: FALSE | BL49: FALSE | BM49: FALSE | BN49: FALSE | BO49: FALSE | BP49: FALSE

Sheet Potential
A1: Plugin ID | B1: CVE | C1: CVSS | D1: Risk | E1: Host | F1: Protocol | G1: Port | H1: Name | I1: Synopsis | J1: Item | K1: Short Description | L1: Audit Name | M1: Status | N1: Description | O1: Solution | P1: See Also | Q1: Plugin Output | R1: Asset UUID | S1: Vulnerability State | T1: IP Address | U1: FQDN | V1: NetBios | W1: OS | X1: MAC Address | Y1: Plugin Family | Z1: CVSS Base Score | AA1: CVSS Temporal Score | AB1: CVSS Temporal Vector | AC1: CVSS Vector | AD1: CVSS3 Base Score | AE1: CVSS3 Temporal Score | AF1: CVSS3 Temporal Vector | AG1: CVSS3 Vector | AH1: System Type | AI1: Host Start | AJ1: Host End | AK1: Vulnerability Priority Rating (VPR) | AL1: First Found | AM1: Last Found | AN1: Host Scan Schedule ID | AO1: Host Scan ID | AP1: Indexed At | AQ1: Last Authenticated Results Date | AR1: Last Unauthenticated Results Date | AS1: Tracked | AT1: Risk Factor | AU1: Severity | AV1: Original Severity | AW1: Modification | AX1: Plugin Family ID | AY1: Plugin Type | AZ1: Plugin Version | BA1: Service | BB1: Plugin Modification Date | BC1: Plugin Publication Date | BD1: Checks for Malware | BE1: Exploit Available | BF1: Exploited by Malware | BG1: Exploited by Nessus | BH1: CANVAS | BI1: D2 Elliot | BJ1: Metasploit | BK1: Core Exploits | BL1: ExploitHub | BM1: Default Account | BN1: Patch Available | BO1: In The News | BP1: Unsupported By Vendor | BQ1: Last Fixed | BR1: Already Pass/Not Assessed
A2: 46689 | C2: 0 | D2: None | E2: hth2-ipflex-hth2-cube1.hilltop.systems | F2: tcp | G2: 0 | H2: Cisco IOS Compliance Checks | I2: Compliance checks for Cisco IOS devices. | J2: =MID($N2,FIND("1.",$N2),FIND("-",$N2)-FIND("1.",$N2)-1) -> 1.0025 | K2: =MID($N2,FIND("NETIOS - ",$N2)+8,FIND(":",$N2,40)-FIND("NETIOS - ",$N2)-8) -> Enable 'aaa authentication enable default | L2: =MID($N2,FIND("1.",$N2),FIND("[",$N2)-1-FIND("1.",$N2)-1) -> 1.0025 - NETIOS - Enable 'aaa authentication enable default | M2: =MID($N2,FIND("[",$N2)+1,FIND("]",$N2)-FIND("[",$N2)-1) -> PASSED | N2: "1.0025 - NETIOS - Enable 'aaa authentication enable default: [PASSED]" Authenticates users who access privileged EXEC mode when they use the enable command. See Also: See HTH Policies and Standards Reference: NIST 800-53r5|AC-2(1) Policy Value: CONFIG_CHECK item: aaa authentication enable default Actual Value: aaa authentication enable default group ISE-TACACS enable <---- | O2: N/A | R2: 549e7be8-1405-4274-a37c-56853449b396 | T2: 10.2.166.4 | U2: hth2-ipflex-hth2-cube1.hilltop.systems | X2: A4:6C:2A:B4:73:81 A4:6C:2A:B4:73:82 A4:6C:2A:B4:73:80 | Y2: Policy Compliance | Z2: 0 | AA2: 0 | AD2: 0 | AE2: 0 | AI2: 2026-04-20T14:36:10.744Z | AJ2: 2026-04-20T14:42:23.901Z | AK2: null | AN2: template-80295fee-c9f5-bb4f-0422-3f46012f5e2bba99a3058425a248 | AO2: dda80223-7230-4f84-93c3-cc2b0802dfe9 | AP2: 2026-04-20T14:45:52.581Z | AQ2: 2026-04-20T14:42:12Z | AS2: TRUE | AT2: None | AU2: 0 | AV2: 0 | AX2: 39 | AY2: local | AZ2: $Revision: 1.887 $ | BB2: 2026-04-16T00:00:00Z | BC2: 2010-05-17T00:00:00Z | BD2: FALSE | BE2: FALSE | BF2: FALSE | BG2: FALSE | BH2: FALSE | BI2: FALSE | BJ2: FALSE | BK2: FALSE | BL2: FALSE | BM2: FALSE | BN2: FALSE | BO2: FALSE | BP2: FALSE | BR2: =IFERROR(IF(M2="PASSED",VLOOKUP(J2,Current!J1:BR61,1,FALSE)),N2) -> "1.0025 - NETIOS - Enable 'aaa authentication enable default: [PASSED]" Authenticates users who access privileged EXEC mode when they use the enable command. See Also: See HTH Policies and Standards Reference: NIST 800-53r5|AC-2(1) Policy Value: CONFIG_CHECK item: aaa authentication enable default Actual Value: aaa authentication enable default group ISE-TACACS enable <----
A3: 46689 | C3: 0 | D3: High | E3: hth2-ipflex-hth2-cube1.hilltop.systems | F3: tcp | G3: 0 | H3: Cisco IOS Compliance Checks | I3: Compliance checks for Cisco IOS devices. | J3: =MID($N3,FIND("1.",$N3),FIND("-",$N3)-FIND("1.",$N3)-1) -> 1.0026 | K3: =MID($N3,FIND("NETIOS - ",$N3)+8,FIND(":",$N3,40)-FIND("NETIOS - ",$N3)-8) -> Set 'privilege 1' for local users | L3: =MID($N3,FIND("1.",$N3),FIND("[",$N3)-1-FIND("1.",$N3)-1) -> 1.0026 - NETIOS - Set 'privilege 1' for local users | M3: =MID($N3,FIND("[",$N3)+1,FIND("]",$N3)-FIND("[",$N3)-1) -> FAILED | N3: "1.0026 - NETIOS - Set 'privilege 1' for local users: [FAILED]" Sets the privilege level for the user. See Also: See HTH Policies and Standards Reference: NIST 800-53r5|IA-2(2) IA-5(1) Policy Value: CONFIG_CHECK_NOT item: username .+ privilege ([2-9]|1[0-5]) Actual Value: username globaladmin privilege 15 secret 5 $1$iknv$WmqdYILsqNKDVIO.mBTZ80 <---- | O3: N/A | R3: 549e7be8-1405-4274-a37c-56853449b396 | T3: 10.2.166.4 | U3: hth2-ipflex-hth2-cube1.hilltop.systems | X3: A4:6C:2A:B4:73:81 A4:6C:2A:B4:73:82 A4:6C:2A:B4:73:80 | Y3: Policy Compliance | Z3: 0 | AA3: 0 | AD3: 0 | AE3: 0 | AI3: 2026-04-20T14:36:10.744Z | AJ3: 2026-04-20T14:42:23.901Z | AK3: null | AN3: template-80295fee-c9f5-bb4f-0422-3f46012f5e2bba99a3058425a248 | AO3: dda80223-7230-4f84-93c3-cc2b0802dfe9 | AP3: 2026-04-20T14:45:52.591Z | AQ3: 2026-04-20T14:42:12Z | AS3: TRUE | AT3: None | AU3: 0 | AV3: 0 | AX3: 39 | AY3: local | AZ3: $Revision: 1.887 $ | BB3: 2026-04-16T00:00:00Z | BC3: 2010-05-17T00:00:00Z | BD3: FALSE | BE3: FALSE | BF3: FALSE | BG3: FALSE | BH3: FALSE | BI3: FALSE | BJ3: FALSE | BK3: FALSE | BL3: FALSE | BM3: FALSE | BN3: FALSE | BO3: FALSE | BP3: FALSE | BR3: =IFERROR(IF(M3="PASSED",VLOOKUP(J3,Current!J3:BR63,1,FALSE)),N3) -> FALSE
A4: 46689 | C4: 0 | D4: High | E4: hth2-ipflex-hth2-cube1.hilltop.systems | F4: tcp | G4: 0 | H4: Cisco IOS Compliance Checks | I4: Compliance checks for Cisco IOS devices. | J4: =MID($N4,FIND("1.",$N4),FIND("-",$N4)-FIND("1.",$N4)-1) -> 1.0027 | K4: =MID($N4,FIND("NETIOS - ",$N4)+8,FIND(":",$N4,40)-FIND("NETIOS - ",$N4)-8) -> Set 'http Secure-server' limit | L4: =MID($N4,FIND("1.",$N4),FIND("[",$N4)-1-FIND("1.",$N4)-1) -> 1.0027 - NETIOS - Set 'http Secure-server' limit | M4: =MID($N4,FIND("[",$N4)+1,FIND("]",$N4)-FIND("[",$N4)-1) -> FAILED | N4: "1.0027 - NETIOS - Set 'http Secure-server' limit: [FAILED]" Device management includes the ability to control the number of administrators and management sessions that manage a device. See Also: See HTH Policies and Standards Reference: NIST 800-53r5|AC-10 Policy Value: CONFIG_CHECK item: ip http max-connections 2 Actual Value: ip http max-connections 2 not found in the configuration file | O4: N/A | R4: 549e7be8-1405-4274-a37c-56853449b396 | T4: 10.2.166.4 | U4: hth2-ipflex-hth2-cube1.hilltop.systems | X4: A4:6C:2A:B4:73:81 A4:6C:2A:B4:73:82 A4:6C:2A:B4:73:80 | Y4: Policy Compliance | Z4: 0 | AA4: 0 | AD4: 0 | AE4: 0 | AI4: 2026-04-20T14:36:10.744Z | AJ4: 2026-04-20T14:42:23.901Z | AK4: null | AN4: template-80295fee-c9f5-bb4f-0422-3f46012f5e2bba99a3058425a248 | AO4: dda80223-7230-4f84-93c3-cc2b0802dfe9 | AP4: 2026-04-20T14:45:52.585Z | AQ4: 2026-04-20T14:42:12Z | AS4: TRUE | AT4: None | AU4: 0 | AV4: 0 | AX4: 39 | AY4: local | AZ4: $Revision: 1.887 $ | BB4: 2026-04-16T00:00:00Z | BC4: 2010-05-17T00:00:00Z | BD4: FALSE | BE4: FALSE | BF4: FALSE | BG4: FALSE | BH4: FALSE | BI4: FALSE | BJ4: FALSE | BK4: FALSE | BL4: FALSE | BM4: FALSE | BN4: FALSE | BO4: FALSE | BP4: FALSE | BR4: =IFERROR(IF(M4="PASSED",VLOOKUP(J4,Current!J5:BR65,1,FALSE)),N4) -> FALSE
A5: 46689 | C5: 0 | D5: High | E5: hth2-ipflex-hth2-cube1.hilltop.systems | F5: tcp | G5: 0 | H5: Cisco IOS Compliance Checks | I5: Compliance checks for Cisco IOS devices. | J5: =MID($N5,FIND("1.",$N5),FIND("-",$N5)-FIND("1.",$N5)-1) -> 1.0028 | K5: =MID($N5,FIND("NETIOS - ",$N5)+8,FIND(":",$N5,40)-FIND("NETIOS - ",$N5)-8) -> Set 'exec-timeout' to less than or equal to 10 min on 'ip http | L5: =MID($N5,FIND("1.",$N5),FIND("[",$N5)-1-FIND("1.",$N5)-1) -> 1.0028 - NETIOS - Set 'exec-timeout' to less than or equal to 10 min on 'ip http | M5: =MID($N5,FIND("[",$N5)+1,FIND("]",$N5)-FIND("[",$N5)-1) -> FAILED | N5: "1.0028 - NETIOS - Set 'exec-timeout' to less than or equal to 10 min on 'ip http: [FAILED]" If no input is detected during the interval, the EXEC facility resumes the current connection. See Also: See HTH Policies and Standards Reference: NIST 800-53r5|AC-2(5) AC-11 AC-11(1) AC-12 Policy Value: CONFIG_CHECK item: ip http timeout-policy idle ([1-9]|[1-9][0-9]|[1-5][0-9]{2}|600) life .+ requests .+ Actual Value: ip http timeout-policy idle ([1-9]|[1-9][0-9]|[1-5][0-9]{2}|600) life .+ requests .+ not found in the configuration file | O5: N/A | R5: 549e7be8-1405-4274-a37c-56853449b396 | T5: 10.2.166.4 | U5: hth2-ipflex-hth2-cube1.hilltop.systems | X5: A4:6C:2A:B4:73:81 A4:6C:2A:B4:73:82 A4:6C:2A:B4:73:80 | Y5: Policy Compliance | Z5: 0 | AA5: 0 | AD5: 0 | AE5: 0 | AI5: 2026-04-20T14:36:10.744Z | AJ5: 2026-04-20T14:42:23.901Z | AK5: null | AN5: template-80295fee-c9f5-bb4f-0422-3f46012f5e2bba99a3058425a248 | AO5: dda80223-7230-4f84-93c3-cc2b0802dfe9 | AP5: 2026-04-20T14:45:52.601Z | AQ5: 2026-04-20T14:42:12Z | AS5: TRUE | AT5: None | AU5: 0 | AV5: 0 | AX5: 39 | AY5: local | AZ5: $Revision: 1.887 $ | BB5: 2026-04-16T00:00:00Z | BC5: 2010-05-17T00:00:00Z | BD5: FALSE | BE5: FALSE | BF5: FALSE | BG5: FALSE | BH5: FALSE | BI5: FALSE | BJ5: FALSE | BK5: FALSE | BL5: FALSE | BM5: FALSE | BN5: FALSE | BO5: FALSE | BP5: FALSE | BR5: =IFERROR(IF(M5="PASSED",VLOOKUP(J5,Current!J7:BR67,1,FALSE)),N5) -> FALSE
A6: 46689 | C6: 0 | D6: High | E6: wc-harwd-sa-3202-image | F6: tcp | G6: 0 | H6: Cisco IOS Compliance Checks | I6: Compliance checks for Cisco IOS devices. | J6: =MID($N6,FIND("1.",$N6),FIND("-",$N6)-FIND("1.",$N6)-1) -> 1.0029 | K6: =MID($N6,FIND("NETIOS - ",$N6)+8,FIND(":",$N6,40)-FIND("NETIOS - ",$N6)-8) -> Set 'no exec' for 'line aux 0 | L6: =MID($N6,FIND("1.",$N6),FIND("[",$N6)-1-FIND("1.",$N6)-1) -> 1.0029 - NETIOS - Set 'no exec' for 'line aux 0 | M6: =MID($N6,FIND("[",$N6)+1,FIND("]",$N6)-FIND("[",$N6)-1) -> FAILED | N6: "1.0029 - NETIOS - Set 'no exec' for 'line aux 0: [FAILED]" The 'no exec' command restricts a line to outgoing connections only. See Also: See HTH Policies and Standards Reference: NIST 800-53r5|CM-7 Policy Value: CONFIG_CHECK item: no exec context: line aux .+ Actual Value: line aux 0 stopbits 1 Expected configuration: no exec | O6: N/A | R6: ed63f2e6-8ee8-4077-bff4-4307d8534492 | T6: 10.132.172.254 | U6: wc-harwd-sa-3202-image | X6: 2C:F8:9B:C8:7E:09 2C:F8:9B:C8:7E:07 2C:F8:9B:C8:7E:08 2C:F8:9B:C8:7E:0E 2C:F8:9B:C8:7E:0F 2C:F8:9B:C8:7E:0C 2C:F8:9B:C8:7E:0D 2C:F8:9B:C8:7E:0A 2C:F8:9B:C8:7E:0B 2C:F8:9B:C8:7E:16 2C:F8:9B:C8:7E:17 2C:F8:9B:C8:7E:14 2C:F8:9B:C8:7E:15 2C:F8:9B:C8:7E:12 2C:F8:9B:C8:7E:13 2C:F8:9B:C8:7E:10 2C:F8:9B:C8:7E:11 2C:F8:9B:C8:7E:05 2C:F8:9B:C8:7E:06 2C:F8:9B:C8:7E:03 2C:F8:9B:C8:7E:47 2C:F8:9B:C8:7E:04 2C:F8:9B:C8:7E:01 2C:F8:9B:C8:7E:02 2C:F8:9B:C8:7E:00 2C:F8:9B:C8:7E:29 2C:F8:9B:C8:7E:2E 2C:F8:9B:C8:7E:2F 2C:F8:9B:C8:7E:2C 2C:F8:9B:C8:7E:2D 2C:F8:9B:C8:7E:2A 2C:F8:9B:C8:7E:2B 2C:F8:9B:C8:7E:30 2C:F8:9B:C8:7E:31 2C:F8:9B:C8:7E:73 2C:F8:9B:C8:7E:70 2C:F8:9B:C8:7E:34 2C:F8:9B:C8:7E:32 2C:F8:9B:C8:7E:33 2C:F8:9B:C8:7E:18 2C:F8:9B:C8:7E:19 2C:F8:9B:C8:7E:1F 2C:F8:9B:C8:7E:1D 2C:F8:9B:C8:7E:1E 2C:F8:9B:C8:7E:1B 2C:F8:9B:C8:7E:1C 2C:F8:9B:C8:7E:1A 2C:F8:9B:C8:7E:20 2C:F8:9B:C8:7E:27 2C:F8:9B:C8:7E:28 2C:F8:9B:C8:7E:25 2C:F8:9B:C8:7E:26 2C:F8:9B:C8:7E:23 2C:F8:9B:C8:7E:24 2C:F8:9B:C8:7E:21 2C:F8:9B:C8:7E:22 | Y6: Policy Compliance | Z6: 0 | AA6: 0 | AD6: 0 | AE6: 0 | AI6: 2026-04-20T14:36:10.744Z | AJ6: 2026-04-20T14:42:23.901Z | AK6: null | AN6: template-80295fee-c9f5-bb4f-0422-3f46012f5e2bba99a3058425a248 | AO6: dda80223-7230-4f84-93c3-cc2b0802dfe9 | AP6: 2026-04-20T14:45:52.605Z | AQ6: 2026-04-20T14:40:07Z | AS6: TRUE | AT6: None | AU6: 0 | AV6: 0 | AX6: 39 | AY6: local | AZ6: $Revision: 1.887 $ | BB6: 2026-04-16T00:00:00Z | BC6: 2010-05-17T00:00:00Z | BD6: FALSE | BE6: FALSE | BF6: FALSE | BG6: FALSE | BH6: FALSE | BI6: FALSE | BJ6: FALSE | BK6: FALSE | BL6: FALSE | BM6: FALSE | BN6: FALSE | BO6: FALSE | BP6: FALSE | BR6: =IFERROR(IF(M6="PASSED",VLOOKUP(J6,Current!J9:BR69,1,FALSE)),N6) -> FALSE
A7: 46689 | C7: 0 | D7: None | E7: hth2-ipflex-hth2-cube1.hilltop.systems | F7: tcp | G7: 0 | H7: Cisco IOS Compliance Checks | I7: Compliance checks for Cisco IOS devices. | J7: =MID($N7,FIND("1.",$N7),FIND("-",$N7)-FIND("1.",$N7)-1) -> 1.0029 | K7: =MID($N7,FIND("NETIOS - ",$N7)+8,FIND(":",$N7,40)-FIND("NETIOS - ",$N7)-8) -> Set 'no exec' for 'line aux 0 | L7: =MID($N7,FIND("1.",$N7),FIND("[",$N7)-1-FIND("1.",$N7)-1) -> 1.0029 - NETIOS - Set 'no exec' for 'line aux 0 | M7: =MID($N7,FIND("[",$N7)+1,FIND("]",$N7)-FIND("[",$N7)-1) -> PASSED | N7: "1.0029 - NETIOS - Set 'no exec' for 'line aux 0: [PASSED]" The 'no exec' command restricts a line to outgoing connections only. See Also: See HTH Policies and Standards Reference: NIST 800-53r5|CM-7 Policy Value: CONFIG_CHECK item: no exec context: line aux .+ Actual Value: line aux 0 no exec <---- | O7: N/A | R7: 549e7be8-1405-4274-a37c-56853449b396 | T7: 10.2.166.4 | U7: hth2-ipflex-hth2-cube1.hilltop.systems | X7: A4:6C:2A:B4:73:81 A4:6C:2A:B4:73:82 A4:6C:2A:B4:73:80 | Y7: Policy Compliance | Z7: 0 | AA7: 0 | AD7: 0 | AE7: 0 | AI7: 2026-04-20T14:36:10.744Z | AJ7: 2026-04-20T14:42:23.901Z | AK7: null | AN7: template-80295fee-c9f5-bb4f-0422-3f46012f5e2bba99a3058425a248 | AO7: dda80223-7230-4f84-93c3-cc2b0802dfe9 | AP7: 2026-04-20T14:45:52.584Z | AQ7: 2026-04-20T14:42:12Z | AS7: TRUE | AT7: None | AU7: 0 | AV7: 0 | AX7: 39 | AY7: local | AZ7: $Revision: 1.887 $ | BB7: 2026-04-16T00:00:00Z | BC7: 2010-05-17T00:00:00Z | BD7: FALSE | BE7: FALSE | BF7: FALSE | BG7: FALSE | BH7: FALSE | BI7: FALSE | BJ7: FALSE | BK7: FALSE | BL7: FALSE | BM7: FALSE | BN7: FALSE | BO7: FALSE | BP7: FALSE | BR7: =IFERROR(IF(M7="PASSED",VLOOKUP(J7,Current!J10:BR70,1,FALSE)),N7) -> "1.0029 - NETIOS - Set 'no exec' for 'line aux 0: [PASSED]" The 'no exec' command restricts a line to outgoing connections only. See Also: See HTH Policies and Standards Reference: NIST 800-53r5|CM-7 Policy Value: CONFIG_CHECK item: no exec context: line aux .+ Actual Value: line aux 0 no exec <----
A8: 46689 | C8: 0 | D8: High | E8: hth2-ipflex-hth2-cube1.hilltop.systems | F8: tcp | G8: 0 | H8: Cisco IOS Compliance Checks | I8: Compliance checks for Cisco IOS devices. | J8: =MID($N8,FIND("1.",$N8),FIND("-",$N8)-FIND("1.",$N8)-1) -> 1.0030 | K8: =MID($N8,FIND("NETIOS - ",$N8)+8,FIND(":",$N8,40)-FIND("NETIOS - ",$N8)-8) -> Set 'access-class' for 'line vty | L8: =MID($N8,FIND("1.",$N8),FIND("[",$N8)-1-FIND("1.",$N8)-1) -> 1.0030 - NETIOS - Set 'access-class' for 'line vty | M8: =MID($N8,FIND("[",$N8)+1,FIND("]",$N8)-FIND("[",$N8)-1) -> FAILED | N8: "1.0030 - NETIOS - Set 'access-class' for 'line vty: [FAILED]" The 'access-class' setting restricts incoming and outgoing connections between a particular vty (into a Cisco device) and the networking devices associated with addresses in an access list. See Also: See HTH Policies and Standards Reference: NIST 800-53r5|AC-17(3) SI-7 Policy Value: CONFIG_CHECK item: access-class 100 in context: line vty .+ Actual Value: line vty 0 4 exec-timeout 15 0 privilege level 15 password 7 04681B07012A551F logging synchronous login authentication VTY-Access length 0 transport input ssh transport output ssh Expected configuration: access-class 100 in | O8: N/A | R8: 549e7be8-1405-4274-a37c-56853449b396 | T8: 10.2.166.4 | U8: hth2-ipflex-hth2-cube1.hilltop.systems | X8: A4:6C:2A:B4:73:81 A4:6C:2A:B4:73:82 A4:6C:2A:B4:73:80 | Y8: Policy Compliance | Z8: 0 | AA8: 0 | AD8: 0 | AE8: 0 | AI8: 2026-04-20T14:36:10.744Z | AJ8: 2026-04-20T14:42:23.901Z | AK8: null | AN8: template-80295fee-c9f5-bb4f-0422-3f46012f5e2bba99a3058425a248 | AO8: dda80223-7230-4f84-93c3-cc2b0802dfe9 | AP8: 2026-04-20T14:45:52.598Z | AQ8: 2026-04-20T14:42:12Z | AS8: TRUE | AT8: None | AU8: 0 | AV8: 0 | AX8: 39 | AY8: local | AZ8: $Revision: 1.887 $ | BB8: 2026-04-16T00:00:00Z | BC8: 2010-05-17T00:00:00Z | BD8: FALSE | BE8: FALSE | BF8: FALSE | BG8: FALSE | BH8: FALSE | BI8: FALSE | BJ8: FALSE | BK8: FALSE | BL8: FALSE | BM8: FALSE | BN8: FALSE | BO8: FALSE | BP8: FALSE | BR8: =IFERROR(IF(M8="PASSED",VLOOKUP(J8,Current!J11:BR71,1,FALSE)),N8) -> FALSE
A9: 46689 | C9: 0 | D9: None | E9: hth2-ipflex-hth2-cube1.hilltop.systems | F9: tcp | G9: 0 | H9: Cisco IOS Compliance Checks | I9: Compliance checks for Cisco IOS devices. | J9: =MID($N9,FIND("1.",$N9),FIND("-",$N9)-FIND("1.",$N9)-1) -> 1.0031 | K9: =MID($N9,FIND("NETIOS - ",$N9)+8,FIND(":",$N9,40)-FIND("NETIOS - ",$N9)-8) -> Set 'transport input none' for 'line aux 0 | L9: =MID($N9,FIND("1.",$N9),FIND("[",$N9)-1-FIND("1.",$N9)-1) -> 1.0031 - NETIOS - Set 'transport input none' for 'line aux 0 | M9: =MID($N9,FIND("[",$N9)+1,FIND("]",$N9)-FIND("[",$N9)-1) -> PASSED | N9: "1.0031 - NETIOS - Set 'transport input none' for 'line aux 0: [PASSED]" When you want to allow only an outgoing connection on a line, use the no exec command. See Also: See HTH Policies and Standards Reference: NIST 800-53r5|AC-2(5) AC-11 AC-11(1) AC-12 Policy Value: CONFIG_CHECK_NOT item: transport input (all|ssh|telnet)$ context: line aux .+ Actual Value: line aux 0 no exec Expected configuration: transport input (all|ssh|telnet)$ | O9: N/A | R9: 549e7be8-1405-4274-a37c-56853449b396 | T9: 10.2.166.4 | U9: hth2-ipflex-hth2-cube1.hilltop.systems | X9: A4:6C:2A:B4:73:81 A4:6C:2A:B4:73:82 A4:6C:2A:B4:73:80 | Y9: Policy Compliance | Z9: 0 | AA9: 0 | AD9: 0 | AE9: 0 | AI9: 2026-04-20T14:36:10.744Z | AJ9: 2026-04-20T14:42:23.901Z | AK9: null | AN9: template-80295fee-c9f5-bb4f-0422-3f46012f5e2bba99a3058425a248 | AO9: dda80223-7230-4f84-93c3-cc2b0802dfe9 | AP9: 2026-04-20T14:45:52.585Z | AQ9: 2026-04-20T14:42:12Z | AS9: TRUE | AT9: None | AU9: 0 | AV9: 0 | AX9: 39 | AY9: local | AZ9: $Revision: 1.887 $ | BB9: 2026-04-16T00:00:00Z | BC9: 2010-05-17T00:00:00Z | BD9: FALSE | BE9: FALSE | BF9: FALSE | BG9: FALSE | BH9: FALSE | BI9: FALSE | BJ9: FALSE | BK9: FALSE | BL9: FALSE | BM9: FALSE | BN9: FALSE | BO9: FALSE | BP9: FALSE | BR9: =IFERROR(IF(M9="PASSED",VLOOKUP(J9,Current!J13:BR73,1,FALSE)),N9) -> "1.0031 - NETIOS - Set 'transport input none' for 'line aux 0: [PASSED]" When you want to allow only an outgoing connection on a line, use the no exec command. See Also: See HTH Policies and Standards Reference: NIST 800-53r5|AC-2(5) AC-11 AC-11(1) AC-12 Policy Value: CONFIG_CHECK_NOT item: transport input (all|ssh|telnet)$ context: line aux .+ Actual Value: line aux 0 no exec Expected configuration: transport input (all|ssh|telnet)$
A10: 46689 | C10: 0 | D10: High | E10: hth2-ipflex-hth2-cube1.hilltop.systems | F10: tcp | G10: 0 | H10: Cisco IOS Compliance Checks | I10: Compliance checks for Cisco IOS devices. | J10: =MID($N10,FIND("1.",$N10),FIND("-",$N10)-FIND("1.",$N10)-1) -> 1.0032 | K10: =MID($N10,FIND("NETIOS - ",$N10)+8,FIND(":",$N10,40)-FIND("NETIOS - ",$N10)-8) -> Set the 'banner-text' for 'banner exec | L10: =MID($N10,FIND("1.",$N10),FIND("[",$N10)-1-FIND("1.",$N10)-1) -> 1.0032 - NETIOS - Set the 'banner-text' for 'banner exec | M10: =MID($N10,FIND("[",$N10)+1,FIND("]",$N10)-FIND("[",$N10)-1) -> FAILED | N10: "1.0032 - NETIOS - Set the 'banner-text' for 'banner exec: [FAILED]" This command specifies a message to be displayed when an EXEC process is created (a line is activated, or an incoming connection is made to a vty). See Also: See HTH Policies and Standards Reference: NIST 800-53r5|AT-1 AT-2 PM-13 Policy Value: BANNER_CHECK item: banner exec content: All unauthorized activity is monitored and logged. Actual Value: banner exec not found in the configuration file | O10: N/A | R10: 549e7be8-1405-4274-a37c-56853449b396 | T10: 10.2.166.4 | U10: hth2-ipflex-hth2-cube1.hilltop.systems | X10: A4:6C:2A:B4:73:81 A4:6C:2A:B4:73:82 A4:6C:2A:B4:73:80 | Y10: Policy Compliance | Z10: 0 | AA10: 0 | AD10: 0 | AE10: 0 | AI10: 2026-04-20T14:36:10.744Z | AJ10: 2026-04-20T14:42:23.901Z | AK10: null | AN10: template-80295fee-c9f5-bb4f-0422-3f46012f5e2bba99a3058425a248 | AO10: dda80223-7230-4f84-93c3-cc2b0802dfe9 | AP10: 2026-04-20T14:45:52.582Z | AQ10: 2026-04-20T14:42:12Z | AS10: TRUE | AT10: None | AU10: 0 | AV10: 0 | AX10: 39 | AY10: local | AZ10: $Revision: 1.887 $ | BB10: 2026-04-16T00:00:00Z | BC10: 2010-05-17T00:00:00Z | BD10: FALSE | BE10: FALSE | BF10: FALSE | BG10: FALSE | BH10: FALSE | BI10: FALSE | BJ10: FALSE | BK10: FALSE | BL10: FALSE | BM10: FALSE | BN10: FALSE | BO10: FALSE | BP10: FALSE | BR10: =IFERROR(IF(M10="PASSED",VLOOKUP(J10,Current!J15:BR75,1,FALSE)),N10) -> FALSE
A11: 46689 | C11: 0 | D11: High | E11: hth2-ipflex-hth2-cube1.hilltop.systems | F11: tcp | G11: 0 | H11: Cisco IOS Compliance Checks | I11: Compliance checks for Cisco IOS devices. | J11: =MID($N11,FIND("1.",$N11),FIND("-",$N11)-FIND("1.",$N11)-1) -> 1.0033 | K11: =MID($N11,FIND("NETIOS - ",$N11)+8,FIND(":",$N11,40)-FIND("NETIOS - ",$N11)-8) -> Set the 'banner-text' for 'banner login | L11: =MID($N11,FIND("1.",$N11),FIND("[",$N11)-1-FIND("1.",$N11)-1) -> 1.0033 - NETIOS - Set the 'banner-text' for 'banner login | M11: =MID($N11,FIND("[",$N11)+1,FIND("]",$N11)-FIND("[",$N11)-1) -> FAILED | N11: "1.0033 - NETIOS - Set the 'banner-text' for 'banner login: [FAILED]" Follow the banner login command with one or more blank spaces and a delimiting character of your choice. See Also: See HTH Policies and Standards Reference: NIST 800-53r5|AT-1 AT-2 PM-13 Policy Value: BANNER_CHECK item: banner login content: All unauthorized activity is monitored and logged. Actual Value: banner login not found in the configuration file | O11: N/A | R11: 549e7be8-1405-4274-a37c-56853449b396 | T11: 10.2.166.4 | U11: hth2-ipflex-hth2-cube1.hilltop.systems | X11: A4:6C:2A:B4:73:81 A4:6C:2A:B4:73:82 A4:6C:2A:B4:73:80 | Y11: Policy Compliance | Z11: 0 | AA11: 0 | AD11: 0 | AE11: 0 | AI11: 2026-04-20T14:36:10.744Z | AJ11: 2026-04-20T14:42:23.901Z | AK11: null | AN11: template-80295fee-c9f5-bb4f-0422-3f46012f5e2bba99a3058425a248 | AO11: dda80223-7230-4f84-93c3-cc2b0802dfe9 | AP11: 2026-04-20T14:45:52.591Z | AQ11: 2026-04-20T14:42:12Z | AS11: TRUE | AT11: None | AU11: 0 | AV11: 0 | AX11: 39 | AY11: local | AZ11: $Revision: 1.887 $ | BB11: 2026-04-16T00:00:00Z | BC11: 2010-05-17T00:00:00Z | BD11: FALSE | BE11: FALSE | BF11: FALSE | BG11: FALSE | BH11: FALSE | BI11: FALSE | BJ11: FALSE | BK11: FALSE | BL11: FALSE | BM11: FALSE | BN11: FALSE | BO11: FALSE | BP11: FALSE | BR11: =IFERROR(IF(M11="PASSED",VLOOKUP(J11,Current!J17:BR77,1,FALSE)),N11) -> FALSE
A12: 46689 | C12: 0 | D12: High | E12: hth2-ipflex-hth2-cube1.hilltop.systems | F12: tcp | G12: 0 | H12: Cisco IOS Compliance Checks | I12: Compliance checks for Cisco IOS devices. | J12: =MID($N12,FIND("1.",$N12),FIND("-",$N12)-FIND("1.",$N12)-1) -> 1.0034 | K12: =MID($N12,FIND("NETIOS - ",$N12)+8,FIND(":",$N12,40)-FIND("NETIOS - ",$N12)-8) -> Set the 'banner-text' for 'banner motd | L12: =MID($N12,FIND("1.",$N12),FIND("[",$N12)-1-FIND("1.",$N12)-1) -> 1.0034 - NETIOS - Set the 'banner-text' for 'banner motd | M12: =MID($N12,FIND("[",$N12)+1,FIND("]",$N12)-FIND("[",$N12)-1) -> FAILED | N12: "1.0034 - NETIOS - Set the 'banner-text' for 'banner motd: [FAILED]" This MOTD banner is displayed to all terminals connected and is useful for sending messages that affect all users (such as impending system shutdowns). See Also: See HTH Policies and Standards Reference: NIST 800-53r5|AT-1 AT-2 PM-13 Policy Value: BANNER_CHECK item: banner motd content: All unauthorized activity is monitored and logged. Actual Value: ___,,___ ,d8888888888b,_ _,d889' 8888b, _,d8888' 8888888b, _,d8889' 888888888888b,_ _,d8889' 888888889'688888, /b _,d8889' 88888889' `6888d 6,_ ,d88886' _d888889' ,8d b888b, d\ ,d889'888, d8889' 8d 9888888Y ) ,d889' `88, ,d88' d8 `,88aa88 9 d889' `88, ,88' `8b )88a88' d88' `88 ,88 88 `8b,_ d888888 d89 88, 88 d888b `88`_ 8888 88 88b 88 d888888 8: (6`) 88') 88 8888b, 88 d888aaa8888, ` 'Y' 88b ,888888888888 `d88aa `88888b ,d8 `88b ,88886 `88888888 d88a d8a88` `8/ `q8b ,88'`888 `888'"`88 d8b d8888,` 88/ 9)_6 88 ,88" `88 88p `88 d88888888888bd8( Z~/ 88b 8p 88 68' `88 88888888' `688889` `88 8 `8 8, `88 888 `8888, `qp' 8 8, `q 8b `88 88" `888b q8 8b "888 `8888' "888 `q88b "888' XXXXXXXXXXXXXXXXXXXXXXXXXXXXXXXXXXXXXXXXXXXXXXXXXXXXXXXXXXXXXXXXXXXXX XX !! WARNING !! XX XX Access to this system is restricted to authorized users. XX XX All users expressly consent to the monitoring and recording XX XX of all activity. System violations are subject to XX XX disciplinary action. Evidence of criminal activity may be XX XX reported to corporate security and local, state and federal XX XX law enforcement agencies. By using this system the user XX XX accepts these terms and conditions. XX XXXXXXXXXXXXXXXXXXXXXXXXXXXXXXXXXXXXXXXXXXXXXXXXXXXXXXXXXXXXXXXXXXXXX Expected configuration: banner motd First ERROR: ___,,___ ,d8888888888b,_ != All unauthorized | O12: N/A | R12: 549e7be8-1405-4274-a37c-56853449b396 | T12: 10.2.166.4 | U12: hth2-ipflex-hth2-cube1.hilltop.systems | X12: A4:6C:2A:B4:73:81 A4:6C:2A:B4:73:82 A4:6C:2A:B4:73:80 | Y12: Policy Compliance | Z12: 0 | AA12: 0 | AD12: 0 | AE12: 0 | AI12: 2026-04-20T14:36:10.744Z | AJ12: 2026-04-20T14:42:23.901Z | AK12: null | AN12: template-80295fee-c9f5-bb4f-0422-3f46012f5e2bba99a3058425a248 | AO12: dda80223-7230-4f84-93c3-cc2b0802dfe9 | AP12: 2026-04-20T14:45:52.579Z | AQ12: 2026-04-20T14:42:12Z | AS12: TRUE | AT12: None | AU12: 0 | AV12: 0 | AX12: 39 | AY12: local | AZ12: $Revision: 1.887 $ | BB12: 2026-04-16T00:00:00Z | BC12: 2010-05-17T00:00:00Z | BD12: FALSE | BE12: FALSE | BF12: FALSE | BG12: FALSE | BH12: FALSE | BI12: FALSE | BJ12: FALSE | BK12: FALSE | BL12: FALSE | BM12: FALSE | BN12: FALSE | BO12: FALSE | BP12: FALSE | BR12: =IFERROR(IF(M12="PASSED",VLOOKUP(J12,Current!J19:BR79,1,FALSE)),N12) -> FALSE
A13: 46689 | C13: 0 | D13: High | E13: hth2-ipflex-hth2-cube1.hilltop.systems | F13: tcp | G13: 0 | H13: Cisco IOS Compliance Checks | I13: Compliance checks for Cisco IOS devices. | J13: =MID($N13,FIND("1.",$N13),FIND("-",$N13)-FIND("1.",$N13)-1) -> 1.0035 | K13: =MID($N13,FIND("NETIOS - ",$N13)+8,FIND(":",$N13,40)-FIND("NETIOS - ",$N13)-8) -> Set the 'banner-text' for 'webauth banner | L13: =MID($N13,FIND("1.",$N13),FIND("[",$N13)-1-FIND("1.",$N13)-1) -> 1.0035 - NETIOS - Set the 'banner-text' for 'webauth banner | M13: =MID($N13,FIND("[",$N13)+1,FIND("]",$N13)-FIND("[",$N13)-1) -> FAILED | N13: "1.0035 - NETIOS - Set the 'banner-text' for 'webauth banner: [FAILED]" This banner is displayed to all terminals connected and is useful for sending messages that affect all users (such as impending system shutdowns). See Also: See HTH Policies and Standards Reference: NIST 800-53r5|AT-1 AT-2 PM-13 Policy Value: CONFIG_CHECK item: ip admission auth-proxy-banner http .+ Actual Value: ip admission auth-proxy-banner http .+ not found in the configuration file | O13: N/A | R13: 549e7be8-1405-4274-a37c-56853449b396 | T13: 10.2.166.4 | U13: hth2-ipflex-hth2-cube1.hilltop.systems | X13: A4:6C:2A:B4:73:81 A4:6C:2A:B4:73:82 A4:6C:2A:B4:73:80 | Y13: Policy Compliance | Z13: 0 | AA13: 0 | AD13: 0 | AE13: 0 | AI13: 2026-04-20T14:36:10.744Z | AJ13: 2026-04-20T14:42:23.901Z | AK13: null | AN13: template-80295fee-c9f5-bb4f-0422-3f46012f5e2bba99a3058425a248 | AO13: dda80223-7230-4f84-93c3-cc2b0802dfe9 | AP13: 2026-04-20T14:45:52.592Z | AQ13: 2026-04-20T14:42:12Z | AS13: TRUE | AT13: None | AU13: 0 | AV13: 0 | AX13: 39 | AY13: local | AZ13: $Revision: 1.887 $ | BB13: 2026-04-16T00:00:00Z | BC13: 2010-05-17T00:00:00Z | BD13: FALSE | BE13: FALSE | BF13: FALSE | BG13: FALSE | BH13: FALSE | BI13: FALSE | BJ13: FALSE | BK13: FALSE | BL13: FALSE | BM13: FALSE | BN13: FALSE | BO13: FALSE | BP13: FALSE | BR13: =IFERROR(IF(M13="PASSED",VLOOKUP(J13,Current!J21:BR81,1,FALSE)),N13) -> FALSE
A14: 46689 | C14: 0 | D14: High | E14: hth2-ipflex-hth2-cube1.hilltop.systems | F14: tcp | G14: 0 | H14: Cisco IOS Compliance Checks | I14: Compliance checks for Cisco IOS devices. | J14: =MID($N14,FIND("1.",$N14),FIND("-",$N14)-FIND("1.",$N14)-1) -> 1.0036 | K14: =MID($N14,FIND("NETIOS - ",$N14)+8,FIND(":",$N14,40)-FIND("NETIOS - ",$N14)-8) -> Set the ACL for each 'snmp-server community | L14: =MID($N14,FIND("1.",$N14),FIND("[",$N14)-1-FIND("1.",$N14)-1) -> 1.0036 - NETIOS - Set the ACL for each 'snmp-server community | M14: =MID($N14,FIND("[",$N14)+1,FIND("]",$N14)-FIND("[",$N14)-1) -> FAILED | N14: "1.0036 - NETIOS - Set the ACL for each 'snmp-server community: [FAILED]" This feature specifies a list of IP addresses that are allowed to use the community string to gain access to the SNMP agent. See Also: See HTH Policies and Standards Reference: NIST 800-53r5|AC-17(3) SI-7 Policy Value: CONFIG_CHECK item: snmp-server community .+ .+ regex: snmp-server community .+ .+ 1$ Actual Value: snmp-server community .+ .+ not found in the configuration file | O14: N/A | R14: 549e7be8-1405-4274-a37c-56853449b396 | T14: 10.2.166.4 | U14: hth2-ipflex-hth2-cube1.hilltop.systems | X14: A4:6C:2A:B4:73:81 A4:6C:2A:B4:73:82 A4:6C:2A:B4:73:80 | Y14: Policy Compliance | Z14: 0 | AA14: 0 | AD14: 0 | AE14: 0 | AI14: 2026-04-20T14:36:10.744Z | AJ14: 2026-04-20T14:42:23.901Z | AK14: null | AN14: template-80295fee-c9f5-bb4f-0422-3f46012f5e2bba99a3058425a248 | AO14: dda80223-7230-4f84-93c3-cc2b0802dfe9 | AP14: 2026-04-20T14:45:52.584Z | AQ14: 2026-04-20T14:42:12Z | AS14: TRUE | AT14: None | AU14: 0 | AV14: 0 | AX14: 39 | AY14: local | AZ14: $Revision: 1.887 $ | BB14: 2026-04-16T00:00:00Z | BC14: 2010-05-17T00:00:00Z | BD14: FALSE | BE14: FALSE | BF14: FALSE | BG14: FALSE | BH14: FALSE | BI14: FALSE | BJ14: FALSE | BK14: FALSE | BL14: FALSE | BM14: FALSE | BN14: FALSE | BO14: FALSE | BP14: FALSE | BR14: =IFERROR(IF(M14="PASSED",VLOOKUP(J14,Current!J23:BR83,1,FALSE)),N14) -> FALSE
A15: 46689 | C15: 0 | D15: None | E15: hth2-ipflex-hth2-cube1.hilltop.systems | F15: tcp | G15: 0 | H15: Cisco IOS Compliance Checks | I15: Compliance checks for Cisco IOS devices. | J15: =MID($N15,FIND("1.",$N15),FIND("-",$N15)-FIND("1.",$N15)-1) -> 1.0037 | K15: =MID($N15,FIND("NETIOS - ",$N15)+8,FIND(":",$N15,40)-FIND("NETIOS - ",$N15)-8) -> Set the 'hostname: [PASSED]" The hostname is used in prompts and default configuration filenames. See Also | L15: =MID($N15,FIND("1.",$N15),FIND("[",$N15)-1-FIND("1.",$N15)-1) -> 1.0037 - NETIOS - Set the 'hostname | M15: =MID($N15,FIND("[",$N15)+1,FIND("]",$N15)-FIND("[",$N15)-1) -> PASSED | N15: "1.0037 - NETIOS - Set the 'hostname: [PASSED]" The hostname is used in prompts and default configuration filenames. See Also: See HTH Policies and Standards Reference: NIST 800-53r5|CM-6 Policy Value: CONFIG_CHECK_NOT item: hostname .+ regex: hostname Router$ Actual Value: hostname HTH2-IPFLEX-HTH2-CUBE1.hilltop.systems | O15: N/A | R15: 549e7be8-1405-4274-a37c-56853449b396 | T15: 10.2.166.4 | U15: hth2-ipflex-hth2-cube1.hilltop.systems | X15: A4:6C:2A:B4:73:81 A4:6C:2A:B4:73:82 A4:6C:2A:B4:73:80 | Y15: Policy Compliance | Z15: 0 | AA15: 0 | AD15: 0 | AE15: 0 | AI15: 2026-04-20T14:36:10.744Z | AJ15: 2026-04-20T14:42:23.901Z | AK15: null | AN15: template-80295fee-c9f5-bb4f-0422-3f46012f5e2bba99a3058425a248 | AO15: dda80223-7230-4f84-93c3-cc2b0802dfe9 | AP15: 2026-04-20T14:45:52.581Z | AQ15: 2026-04-20T14:42:12Z | AS15: TRUE | AT15: None | AU15: 0 | AV15: 0 | AX15: 39 | AY15: local | AZ15: $Revision: 1.887 $ | BB15: 2026-04-16T00:00:00Z | BC15: 2010-05-17T00:00:00Z | BD15: FALSE | BE15: FALSE | BF15: FALSE | BG15: FALSE | BH15: FALSE | BI15: FALSE | BJ15: FALSE | BK15: FALSE | BL15: FALSE | BM15: FALSE | BN15: FALSE | BO15: FALSE | BP15: FALSE | BR15: =IFERROR(IF(M15="PASSED",VLOOKUP(J15,Current!J25:BR85,1,FALSE)),N15) -> "1.0037 - NETIOS - Set the 'hostname: [PASSED]" The hostname is used in prompts and default configuration filenames. See Also: See HTH Policies and Standards Reference: NIST 800-53r5|CM-6 Policy Value: CONFIG_CHECK_NOT item: hostname .+ regex: hostname Router$ Actual Value: hostname HTH2-IPFLEX-HTH2-CUBE1.hilltop.systems
A16: 46689 | C16: 0 | D16: High | E16: hth2-ipflex-hth2-cube1.hilltop.systems | F16: tcp | G16: 0 | H16: Cisco IOS Compliance Checks | I16: Compliance checks for Cisco IOS devices. | J16: =MID($N16,FIND("1.",$N16),FIND("-",$N16)-FIND("1.",$N16)-1) -> 1.0038 | K16: =MID($N16,FIND("NETIOS - ",$N16)+8,FIND(":",$N16,40)-FIND("NETIOS - ",$N16)-8) -> Set 'modulus' to greater than or equal to 2048 for 'crypto key generate rsa | L16: =MID($N16,FIND("1.",$N16),FIND("[",$N16)-1-FIND("1.",$N16)-1) -> 1.0038 - NETIOS - Set 'modulus' to greater than or equal to 2048 for 'crypto key generate rsa | M16: =MID($N16,FIND("[",$N16)+1,FIND("]",$N16)-FIND("[",$N16)-1) -> FAILED | N16: "1.0038 - NETIOS - Set 'modulus' to greater than or equal to 2048 for 'crypto key generate rsa: [FAILED]" Use this command to generate RSA key pairs for your Cisco device. See Also: See HTH Policies and Standards Reference: NIST 800-53r5|SA-15 Policy Value: CONFIG_CHECK item: .* regex: ^Manual Review Required$ Actual Value: Using 18281 out of 262136 bytes ! ! Last configuration change at 19:39:52 UTC Tue Nov 18 2025 by hth-priv1-steague ! NVRAM config last updated at 19:39:52 UTC Tue Nov 18 2025 by hth-priv1-steague ! version 15.4 no service pad service tcp-keepalives-in service tcp-keepalives-out service timestamps debug datetime msec service timestamps log datetime service password-encryption ! hostname HTH2-IPFLEX-HTH2-CUBE1.hilltop.systems ! boot-start-marker boot system flash:c3900-universalk9-mz.SPA.154-3.M8.bin boot-end-marker ! ! logging buffered 64000 logging console informational enable secret 5 $1$uhIg$.BzYCWKUy20Kl3.f78xEz/ enable password 7 0235145A050D1673 ! aaa new-model ! ! aaa group server tacacs+ ISE-TACACS server-private 10.248.240.226 key 7 02360B491F031D761E7A081701121F4F2B05262A3C31 server-private 10.248.240.231 key 7 046B04141B245E195B2D0419160E01400D2A28292B2C ip tacacs source-interface GigabitEthernet0/0 ! aaa authentication login CON-Access group ISE-TACACS local aaa authentication login VTY-Access group ISE-TACACS local aaa authentication enable default group ISE-TACACS enable aaa authorization config-commands aaa authorization exec CON-Access group ISE-TACACS local aaa authorization exec VTY-Access group ISE-TACACS local if-authenticated aaa authorization commands 15 VTY-Access group ISE-TACACS local if-authenticated aaa authorization commands 15 CON-Access group ISE-TACACS local if-authenticated aaa accounting exec default start-stop group ISE-TACACS aaa accounting commands 15 default start-stop group ISE-TACACS ! ! ! ! ! aaa session-id common ! ! ! ! ! ! ! ! no ip source-route ! ! ! ! ! ! ! ! no ip bootp server ip domain name hilltop.systems ip cef no ipv6 cef ! ! multilink bundle-name authenticated ! ! domain hilltop.syste ! ! ! ! chat-script lte "" "AT!CALL" TIMEOUT 60 "OK" cts logging verbose voice-card 0 dspfarm dsp services dspfarm ! ! ! voice service voip ip address trusted list ipv4 32.47.235.26 255.255.255.255 ipv4 32.47.235.25 255.255.255.255 ipv4 10.0.0.0 255.0.0.0 ipv4 12.253.20.181 255.255.255.255 ipv4 12.253.15.101 255.255.255.255 ipv4 12.194.129.213 255.255.255.255 ipv4 12.253.17.197 255.255.255.255 ipv4 12.253.20.190 255.255.255.255 ipv4 12.253.15.110 255.255.255.255 ipv4 12.253.17.206 255.255.255.255 ipv4 12.194.129.222 255.255.255.255 ipv4 12.253.24.5 255.255.255.255 ipv4 12.253.24.37 255.255.255.255 ipv4 12.253.24.46 255.255.255.255 address-hiding mode border-element allow-connections sip to sip no supplementary-service sip moved-temporarily redirect ip2ip fax protocol t38 version 0 ls-redundancy 0 hs-redundancy 0 fallback none h323 sip min-se 1800 session-expires 3600 session refresh error-passthru asserted-id pai early-offer forced midcall-signaling passthru privacy-policy passthru g729 annexb-all sip-profiles inbound sip-profiles 2 inbound no call service stop ! ! voice class uri ATT sip host ipv4:12.253.20.181 host ipv4:12.253.20.190 host ipv4:12.253.24.5 host ipv4:12.194.129.213 host ipv4:12.253.17.197 ! voice class uri HTS sip host ipv4:10.192.251.31 host ipv4:10.192.251.30 host ipv4:10.30.243.10 host ipv4:10.90.252.62 voice class codec 1 codec preference 1 g711ulaw codec preference 2 g711alaw codec preference 3 g729r8 ! ! voice class sip-profiles 1 response ANY sip-header Allow-Header modify "UPDATE," "" request INVITE sip-header Remote-Party-ID modify "Remote-Party-ID: (.*<)(.*>)" "Remote-Party-ID: Plainscapital Bank <\2" request INVITE sip-header From modify "From: (.*<)(.*>)" "From: Plainscapital Bank <\2" request INVITE sip-header P-Asserted-Identity modify "P-Asserted-Identity: (.*<)(.*>)" "P-Asserted-Identity: Plainscapital Bank <\2" request REINVITE sdp-header Attribute modify "a=T38FaxFillBitRemoval:0" "" ! voice class sip-profiles 2 response ANY sip-header Allow-Header modify "UPDATE," "" response ANY sip-header Allow-Header modify "UPDATE," "" request INVITE sip-header To copy "sip:(.*)@" u01 request INVITE sip-header SIP-Req-URI modify ".*@(.*)" "INVITE sip:\u01@\1" request REINVITE sdp-header Attribute modify "a=T38FaxFillBitRemoval:0" "" ! voice class sip-profiles 150 response ANY sip-header Allow-Header modify "UPDATE," "" response ANY sip-header Allow-Header modify "UPDATE," "" request ANY sip-header Diversion remove response ANY sip-header Diversion remove request REINVITE sdp-header Attribute modify "a=T38FaxFillBitRemoval:0" "" ! voice class sip-profiles 81 response ANY sip-header Allow-Header modify "UPDATE," "" request INVITE sip-header To copy "sip:(.*)@" u01 response ANY sip-header Diversion modify "sip:(.*)@" "sip:5128232982@" request INVITE sdp-header Audio-Attribute modify "a=ptime:20" "a=ptime:30" response ANY sdp-header Audio-Attribute modify "a=ptime:20" "a=ptime:30" request REINVITE sdp-header Attribute modify "a=T38FaxFillBitRemoval:0" "" ! voice class sip-profiles 82 request INVITE sip-header From modify "(<.*:.*)(@.*>)" "<sip:5128232982@12.229.217.194>" request INVITE sip-header P-Asserted-Identity modify "(<.*:.*)(@.*>)" "<sip:5128232982@12.229.217.194>" request INVITE sip-header Contact modify "(<.*:.*)(@.*>)" "<sip:5128232982@12.229.217.194>" ! ! voice class sip-copylist 1 sip-header TO ! voice class e164-pattern-map 3 e164 9176581289 e164 91411 e164 9011T e164 9911 e164 91[2-9]..[2-9]...... e164 9[24589]11 e164 9[2-9]..[2-9]...... ! ! voice class e164-pattern-map 81 description e164 9402084119 ! ! voice class e164-pattern-map 100 e164 +. e164 [2-9]11 ! ! voice class e164-pattern-map 200 e164 ..........$ ! ! voice class e164-pattern-map 201 url flash:hts-DID-blocks.cfg ! voice class server-group 81 ipv4 10.192.251.31 preference 1 ipv4 10.90.252.62 preference 2 ipv4 10.30.243.10 preference 3 ipv4 10.192.251.30 preference 4 description LAN side HTS CUCM server list ! voice class server-group 2 ipv4 12.253.20.181 preference 1 ipv4 12.253.15.101 preference 2 ipv4 12.194.129.213 preference 3 ipv4 12.253.17.197 preference 4 ! voice class sip-options-keepalive 1 retry 2 transport udp ! ! ! ! voice translation-rule 1 rule 1 /^[2-9]..[2-9]......$/ /+1\0/ rule 2 /^[2-9]+/ /+\0/ ! voice translation-rule 2 rule 1 /^\+\([2-9].*\)/ /011\1/ rule 2 /^\+1\([2-9].*\)/ /\1/ rule 3 /[2-9]11/ /\0/ ! voice translation-rule 10 rule 1 /9/ // ! voice translation-rule 12 rule 1 /\(.*\)/ /24700/ ! voice translation-rule 50 rule 1 reject /7328001522/ rule 2 reject /6023329586/ ! ! voice translation-profile ANI-CALL-BLOCK translate calling 998 ! voice translation-profile DR-FAILOVER-TESTING translate called 999 ! voice translation-profile GLOBALIZE-EGRESS-TO-UCM translate calling 1 translate called 1 ! voice translation-profile LOCALIZE-EGRESS-TO-ATT translate calling 2 translate called 2 translate redirect-called 2 ! voice translation-profile Test-BTN translate called 12 ! voice translation-profile callblock translate calling 50 ! voice translation-profile digit-strip-9 translate called 10 ! voice translation-profile prefix-digit translate called 11 ! ! ! license udi pid C3900-SPE150/K9 sn FOC19142JQ8 hw-module pvdm 0/0 ! ! ! username globaladmin privilege 15 secret 5 $1$iknv$WmqdYILsqNKDVIO.mBTZ80 ! redundancy ! ! ! ! lldp run ! ! translation-rule 11 ! ! ! ! ! ! ! ! ! ! interface Loopback0 description ##CRIT## no ip address ! interface Embedded-Service-Engine0/0 ip address 3.3.5.1 255.255.255.0 shutdown ! interface GigabitEthernet0/0 description ##CRIT## ip address 10.2.166.4 255.255.255.0 duplex auto speed auto no mop enabled ! interface GigabitEthernet0/1 description ##CRIT## ip address 12.229.217.194 255.255.255.240 duplex full speed 1000 media-type rj45 no mop enabled ! interface GigabitEthernet0/2 ip address 3.3.5.7 255.255.255.0 duplex auto speed auto ! ip forward-protocol nd ! no ip http server no ip http secure-server ! ip route 0.0.0.0 0.0.0.0 10.255.253.1 ip route 0.0.0.0 0.0.0.0 10.255.252.1 ip route 0.0.0.0 0.0.0.0 10.2.166.1 ip route 12.192.129.213 255.255.255.255 12.229.217.193 ip route 12.194.129.213 255.255.255.255 12.229.217.193 ip route 12.194.129.222 255.255.255.255 12.229.217.193 ip route 12.197.128.213 255.255.255.255 12.229.217.193 ip route 12.253.15.101 255.255.255.255 12.229.217.193 ip route 12.253.15.110 255.255.255.255 12.229.217.193 ip route 12.253.17.197 255.255.255.255 12.229.217.193 ip route 12.253.17.206 255.255.255.255 12.229.217.193 ip route 12.253.20.181 255.255.255.255 12.229.217.193 ip route 12.253.20.190 255.255.255.255 12.229.217.193 ip route 12.253.24.5 255.255.255.255 12.229.217.193 ip route 12.253.24.37 255.255.255.255 12.229.217.193 ip route 12.253.24.46 255.255.255.255 12.229.217.193 ip route 32.47.235.25 255.255.255.255 12.229.217.193 ip route 32.47.235.26 255.255.255.255 12.229.217.193 ip ssh rsa keypair-name SSH-KEY ip ssh version 2 ip ssh dh min size 4096 ip ssh server algorithm mac hmac-sha1 ip ssh server algorithm encryption aes256-ctr ! ip access-list standard CSNTC permit 10.248.240.78 permit 10.248.241.117 ip access-list standard LogicMon permit 10.248.241.12 permit 10.248.240.239 permit 10.248.240.243 permit 10.248.240.246 permit 10.248.240.247 permit 10.248.240.244 permit 10.248.240.245 permit 10.248.240.250 permit 10.248.240.251 permit 10.248.240.248 permit 10.248.240.249 permit 10.248.240.254 permit 10.248.240.255 permit 10.248.240.252 permit 10.248.240.253 deny any log ip access-list standard NetBrain permit 10.248.241.12 permit 10.248.240.78 ! logging facility local0 logging host 10.10.77.20 ! nls resp-timeout 1 cpd cr-id 1 ! snmp-server group CSNTCSNMPv3Group v3 auth snmp-server group CSNTCSNMPv3Group v3 priv read CSNTCSNMPv3View snmp-server group NetBrainSNMPv3Group v3 priv read NetBrainSNMPv3View write NetBrainSNMPv3View snmp-server group LogicMonSNMPv3User-HTH-a1 v3 auth snmp-server group NetBrainSNMPv3User-HTH-a1 v3 auth snmp-server view CSNTCSNMPv3View internet included snmp-server view NetBrainSNMPv3View internet included snmp-server contact helpdesk@plainscapital.com snmp-server chassis-id HTH-AUSTIN-HTH2-3945 snmp-server host 10.248.241.117 version 3 auth CSNTCSNMPv3User snmp-server host 10.248.240.249 version 3 auth LogicMonSNMPv3User-HTH-a1 snmp-server host 10.248.240.250 version 3 auth LogicMonSNMPv3User-HTH-a1 snmp-server host 10.248.240.251 version 3 auth LogicMonSNMPv3User-HTH-a1 snmp-server host 10.248.240.252 version 3 auth LogicMonSNMPv3User-HTH-a1 snmp-server host 10.248.240.253 version 3 auth LogicMonSNMPv3User-HTH-a1 snmp-server host 10.248.240.254 version 3 auth LogicMonSNMPv3User-HTH-a1 snmp-server host 10.248.240.255 version 3 auth LogicMonSNMPv3User-HTH-a1 snmp-server host 10.248.241.12 version 3 auth LogicMonSNMPv3User-HTH-a1 tacacs server ISE1 timeout 10 single-connection ! ! ! control-plane ! ! voice-port 0/0/0 ! voice-port 0/0/1 ! voice-port 0/0/2 ! voice-port 0/0/3 uc wsapi message-exchange max-failures 20 source-address 10.2.166.4 probing interval negative 20 probing interval keepalive 255 probing max-failures 5 ! provider xmf remote-url 1 http://10.192.251.30:8090/ucm_xmf remote-url 2 http://10.192.251.31:8090/ucm_xmf remote-url 3 http://10.90.252.62:8090/ucm_xmf remote-url 4 http://10.30.243.10:8090/ucm_xmf ! ! ! ! mgcp behavior rsip-range tgcp-only mgcp behavior comedia-role none mgcp behavior comedia-check-media-src disable mgcp behavior comedia-sdp-force disable ! mgcp profile default ! sccp local GigabitEthernet0/0 sccp ccm 10.10.2.71 identifier 1 version 7.0 sccp ccm 10.2.7.27 identifier 2 version 7.0 sccp ccm 10.10.2.70 identifier 3 version 7.0 sccp ! sccp ccm group 1 bind interface GigabitEthernet0/0 associate ccm 1 priority 1 associate ccm 2 priority 2 associate ccm 3 priority 3 associate profile 2 register ATTXCODE-DFW signaling dscp default audio dscp default ! ! ! dspfarm profile 2 transcode codec g729abr8 codec g729ar8 codec g711alaw codec g711ulaw codec g729r8 codec pass-through maximum sessions 14 associate application SCCP ! dial-peer voice 2002 voip description Outbound - CUCM Facing Peer translation-profile outgoing prefix-digit shutdown session protocol sipv2 voice-class codec 1 voice-class sip bind control source-interface GigabitEthernet0/0 voice-class sip bind media source-interface GigabitEthernet0/0 dtmf-relay rtp-nte fax-relay sg3-to-g3 fax rate 14400 bytes 48 fax protocol t38 version 0 ls-redundancy 0 hs-redundancy 0 fallback none ip qos dscp cs5 media ip qos dscp cs4 signaling no vad ! dial-peer voice 82 voip description Inbound/Outbound dial-peer from/to AT&T translation-profile incoming ANI-CALL-BLOCK translation-profile outgoing LOCALIZE-EGRESS-TO-ATT preference 1 max-conn 200 shutdown session protocol sipv2 destination e164-pattern-map 81 incoming uri via ATT voice-class codec 1 voice-class sip early-offer forced voice-class sip profiles 82 voice-class sip options-keepalive profile 1 voice-class sip bind control source-interface GigabitEthernet0/1 voice-class sip bind media source-interface GigabitEthernet0/1 dtmf-relay rtp-nte sip-kpml fax-relay ecm disable fax-relay sg3-to-g3 fax rate 14400 fax nsf 000000 fax protocol t38 version 3 ls-redundancy 2 hs-redundancy 2 fallback pass-through g711ulaw ip qos dscp cs3 signaling no vad ! dial-peer voice 81 voip description Inbound/Outbound dial-peer to/from UCM-HTS translation-profile outgoing GLOBALIZE-EGRESS-TO-UCM preference 2 session protocol sipv2 session transport udp session server-group 81 destination e164-pattern-map 201 incoming uri via HTS voice-class codec 1 voice-class sip profiles 2 voice-class sip options-keepalive profile 1 voice-class sip bind control source-interface GigabitEthernet0/0 voice-class sip bind media source-interface GigabitEthernet0/0 dtmf-relay rtp-nte sip-kpml fax-relay ecm disable fax-relay sg3-to-g3 fax rate 14400 fax nsf 000000 fax protocol t38 version 3 ls-redundancy 2 hs-redundancy 2 fallback pass-through g711ulaw ip qos dscp cs3 signaling no vad ! dial-peer voice 84 voip translation-profile outgoing LOCALIZE-EGRESS-TO-ATT preference 1 max-conn 200 session protocol sipv2 session server-group 2 destination e164-pattern-map 100 incoming uri via ATT voice-class codec 1 voice-class sip early-offer forced voice-class sip profiles 82 voice-class sip options-keepalive profile 1 voice-class sip bind control source-interface GigabitEthernet0/1 voice-class sip bind media source-interface GigabitEthernet0/1 dtmf-relay rtp-nte sip-kpml fax-relay ecm disable fax-relay sg3-to-g3 fax rate 14400 fax nsf 000000 fax protocol t38 version 3 ls-redundancy 2 hs-redundancy 2 fallback pass-through g711ulaw ip qos dscp cs3 signaling no vad ! dial-peer voice 83 voip description Inbound/Outbound dial-peer to/from UCM-HTS translation-profile outgoing GLOBALIZE-EGRESS-TO-UCM preference 2 shutdown session protocol sipv2 session transport udp incoming called-number . incoming uri via HTS voice-class codec 1 voice-class sip profiles 2 voice-class sip options-keepalive profile 1 voice-class sip bind control source-interface GigabitEthernet0/0 voice-class sip bind media source-interface GigabitEthernet0/0 dtmf-relay rtp-nte sip-kpml fax-relay ecm disable fax-relay sg3-to-g3 fax rate 14400 fax nsf 000000 fax protocol t38 version 3 ls-redundancy 2 hs-redundancy 2 fallback pass-through g711ulaw ip qos dscp cs3 signaling ! ! sip-ua no remote-party-id disable-early-media 180 set pstn-cause 63 sip-status 503 retry invite 2 ! ! ! gatekeeper shutdown ! ! vstack banner motd ___,,___ ,d8888888888b,_ _,d889' 8888b, _,d8888' 8888888b, _,d8889' 888888888888b,_ _,d8889' 888888889'688888, /b _,d8889' 88888889' `6888d 6,_ ,d88886' _d888889' ,8d b888b, d\ ,d889'888, d8889' 8d 9888888Y ) ,d889' `88, ,d88' d8 `,88aa88 9 d889' `88, ,88' `8b )88a88' d88' `88 ,88 88 `8b,_ d888888 d89 88, 88 d888b `88`_ 8888 88 88b 88 d888888 8: (6`) 88') 88 8888b, 88 d888aaa8888, ` 'Y' 88b ,888888888888 `d88aa `88888b ,d8 `88b ,88886 `88888888 d88a d8a88` `8/ `q8b ,88'`888 `888'"`88 d8b d8888,` 88/ 9)_6 88 ,88" `88 88p `88 d88888888888bd8( Z~/ 88b 8p 88 68' `88 88888888' `688889` `88 8 `8 8, `88 888 `8888, `qp' 8 8, `q 8b `88 88" `888b q8 8b "888 `8888' "888 `q88b "888' XXXXXXXXXXXXXXXXXXXXXXXXXXXXXXXXXXXXXXXXXXXXXXXXXXXXXXXXXXXXXXXXXXXXX XX !! WARNING !! XX XX Access to this system is restricted to authorized users. XX XX All users expressly consent to the monitoring and recording XX XX of all activity. System violations are subject to XX XX disciplinary action. Evidence of criminal activity may be XX XX reported to corporate security and local, state and federal XX XX law enforcement agencies. By using this system the user XX XX accepts these terms and conditions. XX XXXXXXXXXXXXXXXXXXXXXXXXXXXXXXXXXXXXXXXXXXXXXXXXXXXXXXXXXXXXXXXXXXXXX ! line con 0 line aux 0 no exec line 2 no activation-character no exec transport preferred none transport output pad telnet rlogin lapb-ta mop udptn v120 ssh stopbits 1 line vty 0 4 exec-timeout 15 0 privilege level 15 password 7 04681B07012A551F logging synchronous login authentication VTY-Access length 0 transport input ssh transport output ssh ! monitor event-trace voip ccsip api size 50 scheduler allocate 20000 1000 ntp server 10.248.232.10 ntp server 10.248.232.210 ! end | O16: N/A | R16: 549e7be8-1405-4274-a37c-56853449b396 | T16: 10.2.166.4 | U16: hth2-ipflex-hth2-cube1.hilltop.systems | X16: A4:6C:2A:B4:73:81 A4:6C:2A:B4:73:82 A4:6C:2A:B4:73:80 | Y16: Policy Compliance | Z16: 0 | AA16: 0 | AD16: 0 | AE16: 0 | AI16: 2026-04-20T14:36:10.744Z | AJ16: 2026-04-20T14:42:23.901Z | AK16: null | AN16: template-80295fee-c9f5-bb4f-0422-3f46012f5e2bba99a3058425a248 | AO16: dda80223-7230-4f84-93c3-cc2b0802dfe9 | AP16: 2026-04-20T14:45:52.583Z | AQ16: 2026-04-20T14:42:12Z | AS16: TRUE | AT16: None | AU16: 0 | AV16: 0 | AX16: 39 | AY16: local | AZ16: $Revision: 1.887 $ | BB16: 2026-04-16T00:00:00Z | BC16: 2010-05-17T00:00:00Z | BD16: FALSE | BE16: FALSE | BF16: FALSE | BG16: FALSE | BH16: FALSE | BI16: FALSE | BJ16: FALSE | BK16: FALSE | BL16: FALSE | BM16: FALSE | BN16: FALSE | BO16: FALSE | BP16: FALSE | BR16: =IFERROR(IF(M16="PASSED",VLOOKUP(J16,Current!J27:BR87,1,FALSE)),N16) -> FALSE
A17: 46689 | C17: 0 | D17: High | E17: hth2-ipflex-hth2-cube1.hilltop.systems | F17: tcp | G17: 0 | H17: Cisco IOS Compliance Checks | I17: Compliance checks for Cisco IOS devices. | J17: =MID($N17,FIND("1.",$N17),FIND("-",$N17)-FIND("1.",$N17)-1) -> 1.0039 | K17: =MID($N17,FIND("NETIOS - ",$N17)+8,FIND(":",$N17,40)-FIND("NETIOS - ",$N17)-8) -> Set 'seconds' for 'ip ssh timeout' for 60 seconds or less | L17: =MID($N17,FIND("1.",$N17),FIND("[",$N17)-1-FIND("1.",$N17)-1) -> 1.0039 - NETIOS - Set 'seconds' for 'ip ssh timeout' for 60 seconds or less | M17: =MID($N17,FIND("[",$N17)+1,FIND("]",$N17)-FIND("[",$N17)-1) -> FAILED | N17: "1.0039 - NETIOS - Set 'seconds' for 'ip ssh timeout' for 60 seconds or less: [FAILED]" The time interval that the router waits for the SSH client to respond before disconnecting an uncompleted login attempt. See Also: See HTH Policies and Standards Reference: NIST 800-53r5|AC-2(5) AC-11 AC-11(1) AC-12 Policy Value: CONFIG_CHECK item: ip ssh time-out regex: ip ssh time-out ([1-9]|[1-5][0-9]|60)$ Actual Value: ip ssh time-out not found in the configuration file | O17: N/A | R17: 549e7be8-1405-4274-a37c-56853449b396 | T17: 10.2.166.4 | U17: hth2-ipflex-hth2-cube1.hilltop.systems | X17: A4:6C:2A:B4:73:81 A4:6C:2A:B4:73:82 A4:6C:2A:B4:73:80 | Y17: Policy Compliance | Z17: 0 | AA17: 0 | AD17: 0 | AE17: 0 | AI17: 2026-04-20T14:36:10.744Z | AJ17: 2026-04-20T14:42:23.901Z | AK17: null | AN17: template-80295fee-c9f5-bb4f-0422-3f46012f5e2bba99a3058425a248 | AO17: dda80223-7230-4f84-93c3-cc2b0802dfe9 | AP17: 2026-04-20T14:45:52.590Z | AQ17: 2026-04-20T14:42:12Z | AS17: TRUE | AT17: None | AU17: 0 | AV17: 0 | AX17: 39 | AY17: local | AZ17: $Revision: 1.887 $ | BB17: 2026-04-16T00:00:00Z | BC17: 2010-05-17T00:00:00Z | BD17: FALSE | BE17: FALSE | BF17: FALSE | BG17: FALSE | BH17: FALSE | BI17: FALSE | BJ17: FALSE | BK17: FALSE | BL17: FALSE | BM17: FALSE | BN17: FALSE | BO17: FALSE | BP17: FALSE | BR17: =IFERROR(IF(M17="PASSED",VLOOKUP(J17,Current!J29:BR89,1,FALSE)),N17) -> FALSE
A18: 46689 | C18: 0 | D18: High | E18: hth2-ipflex-hth2-cube1.hilltop.systems | F18: tcp | G18: 0 | H18: Cisco IOS Compliance Checks | I18: Compliance checks for Cisco IOS devices. | J18: =MID($N18,FIND("1.",$N18),FIND("-",$N18)-FIND("1.",$N18)-1) -> 1.0040 | K18: =MID($N18,FIND("NETIOS - ",$N18)+8,FIND(":",$N18,40)-FIND("NETIOS - ",$N18)-8) -> Set maximum value for 'ip ssh authentication-retries | L18: =MID($N18,FIND("1.",$N18),FIND("[",$N18)-1-FIND("1.",$N18)-1) -> 1.0040 - NETIOS - Set maximum value for 'ip ssh authentication-retries | M18: =MID($N18,FIND("[",$N18)+1,FIND("]",$N18)-FIND("[",$N18)-1) -> FAILED | N18: "1.0040 - NETIOS - Set maximum value for 'ip ssh authentication-retries: [FAILED]" The number of retries before the SSH login session disconnects. See Also: See HTH Policies and Standards Reference: NIST 800-53r5|IA-2(1) Policy Value: CONFIG_CHECK item: Authentication timeout: .* secs; Authentication retries: [1-3] Actual Value: Authentication timeout: .* secs; Authentication retries: [1-3] not found in the configuration file | O18: N/A | R18: 549e7be8-1405-4274-a37c-56853449b396 | T18: 10.2.166.4 | U18: hth2-ipflex-hth2-cube1.hilltop.systems | X18: A4:6C:2A:B4:73:81 A4:6C:2A:B4:73:82 A4:6C:2A:B4:73:80 | Y18: Policy Compliance | Z18: 0 | AA18: 0 | AD18: 0 | AE18: 0 | AI18: 2026-04-20T14:36:10.744Z | AJ18: 2026-04-20T14:42:23.901Z | AK18: null | AN18: template-80295fee-c9f5-bb4f-0422-3f46012f5e2bba99a3058425a248 | AO18: dda80223-7230-4f84-93c3-cc2b0802dfe9 | AP18: 2026-04-20T14:45:52.599Z | AQ18: 2026-04-20T14:42:12Z | AS18: TRUE | AT18: None | AU18: 0 | AV18: 0 | AX18: 39 | AY18: local | AZ18: $Revision: 1.887 $ | BB18: 2026-04-16T00:00:00Z | BC18: 2010-05-17T00:00:00Z | BD18: FALSE | BE18: FALSE | BF18: FALSE | BG18: FALSE | BH18: FALSE | BI18: FALSE | BJ18: FALSE | BK18: FALSE | BL18: FALSE | BM18: FALSE | BN18: FALSE | BO18: FALSE | BP18: FALSE | BR18: =IFERROR(IF(M18="PASSED",VLOOKUP(J18,Current!J31:BR91,1,FALSE)),N18) -> FALSE
A19: 46689 | C19: 0 | D19: High | E19: wc-harwd-sa-3202-image | F19: tcp | G19: 0 | H19: Cisco IOS Compliance Checks | I19: Compliance checks for Cisco IOS devices. | J19: =MID($N19,FIND("1.",$N19),FIND("-",$N19)-FIND("1.",$N19)-1) -> 1.0041 | K19: =MID($N19,FIND("NETIOS - ",$N19)+8,FIND(":",$N19,40)-FIND("NETIOS - ",$N19)-8) -> Set 'no ip bootp server | L19: =MID($N19,FIND("1.",$N19),FIND("[",$N19)-1-FIND("1.",$N19)-1) -> 1.0041 - NETIOS - Set 'no ip bootp server | M19: =MID($N19,FIND("[",$N19)+1,FIND("]",$N19)-FIND("[",$N19)-1) -> FAILED | N19: "1.0041 - NETIOS - Set 'no ip bootp server: [FAILED]" Disable the Bootstrap Protocol (BOOTP) service on your routing device. See Also: See HTH Policies and Standards Reference: NIST 800-53r5|CM-7 Policy Value: CONFIG_CHECK item: no ip bootp server Actual Value: no ip bootp server not found in the configuration file | O19: N/A | R19: ed63f2e6-8ee8-4077-bff4-4307d8534492 | T19: 10.132.172.254 | U19: wc-harwd-sa-3202-image | X19: 2C:F8:9B:C8:7E:09 2C:F8:9B:C8:7E:07 2C:F8:9B:C8:7E:08 2C:F8:9B:C8:7E:0E 2C:F8:9B:C8:7E:0F 2C:F8:9B:C8:7E:0C 2C:F8:9B:C8:7E:0D 2C:F8:9B:C8:7E:0A 2C:F8:9B:C8:7E:0B 2C:F8:9B:C8:7E:16 2C:F8:9B:C8:7E:17 2C:F8:9B:C8:7E:14 2C:F8:9B:C8:7E:15 2C:F8:9B:C8:7E:12 2C:F8:9B:C8:7E:13 2C:F8:9B:C8:7E:10 2C:F8:9B:C8:7E:11 2C:F8:9B:C8:7E:05 2C:F8:9B:C8:7E:06 2C:F8:9B:C8:7E:03 2C:F8:9B:C8:7E:47 2C:F8:9B:C8:7E:04 2C:F8:9B:C8:7E:01 2C:F8:9B:C8:7E:02 2C:F8:9B:C8:7E:00 2C:F8:9B:C8:7E:29 2C:F8:9B:C8:7E:2E 2C:F8:9B:C8:7E:2F 2C:F8:9B:C8:7E:2C 2C:F8:9B:C8:7E:2D 2C:F8:9B:C8:7E:2A 2C:F8:9B:C8:7E:2B 2C:F8:9B:C8:7E:30 2C:F8:9B:C8:7E:31 2C:F8:9B:C8:7E:73 2C:F8:9B:C8:7E:70 2C:F8:9B:C8:7E:34 2C:F8:9B:C8:7E:32 2C:F8:9B:C8:7E:33 2C:F8:9B:C8:7E:18 2C:F8:9B:C8:7E:19 2C:F8:9B:C8:7E:1F 2C:F8:9B:C8:7E:1D 2C:F8:9B:C8:7E:1E 2C:F8:9B:C8:7E:1B 2C:F8:9B:C8:7E:1C 2C:F8:9B:C8:7E:1A 2C:F8:9B:C8:7E:20 2C:F8:9B:C8:7E:27 2C:F8:9B:C8:7E:28 2C:F8:9B:C8:7E:25 2C:F8:9B:C8:7E:26 2C:F8:9B:C8:7E:23 2C:F8:9B:C8:7E:24 2C:F8:9B:C8:7E:21 2C:F8:9B:C8:7E:22 | Y19: Policy Compliance | Z19: 0 | AA19: 0 | AD19: 0 | AE19: 0 | AI19: 2026-04-20T14:36:10.744Z | AJ19: 2026-04-20T14:42:23.901Z | AK19: null | AN19: template-80295fee-c9f5-bb4f-0422-3f46012f5e2bba99a3058425a248 | AO19: dda80223-7230-4f84-93c3-cc2b0802dfe9 | AP19: 2026-04-20T14:45:52.625Z | AQ19: 2026-04-20T14:40:07Z | AS19: TRUE | AT19: None | AU19: 0 | AV19: 0 | AX19: 39 | AY19: local | AZ19: $Revision: 1.887 $ | BB19: 2026-04-16T00:00:00Z | BC19: 2010-05-17T00:00:00Z | BD19: FALSE | BE19: FALSE | BF19: FALSE | BG19: FALSE | BH19: FALSE | BI19: FALSE | BJ19: FALSE | BK19: FALSE | BL19: FALSE | BM19: FALSE | BN19: FALSE | BO19: FALSE | BP19: FALSE | BR19: =IFERROR(IF(M19="PASSED",VLOOKUP(J19,Current!J33:BR93,1,FALSE)),N19) -> FALSE
A20: 46689 | C20: 0 | D20: None | E20: hth2-ipflex-hth2-cube1.hilltop.systems | F20: tcp | G20: 0 | H20: Cisco IOS Compliance Checks | I20: Compliance checks for Cisco IOS devices. | J20: =MID($N20,FIND("1.",$N20),FIND("-",$N20)-FIND("1.",$N20)-1) -> 1.0041 | K20: =MID($N20,FIND("NETIOS - ",$N20)+8,FIND(":",$N20,40)-FIND("NETIOS - ",$N20)-8) -> Set 'no ip bootp server | L20: =MID($N20,FIND("1.",$N20),FIND("[",$N20)-1-FIND("1.",$N20)-1) -> 1.0041 - NETIOS - Set 'no ip bootp server | M20: =MID($N20,FIND("[",$N20)+1,FIND("]",$N20)-FIND("[",$N20)-1) -> PASSED | N20: "1.0041 - NETIOS - Set 'no ip bootp server: [PASSED]" Disable the Bootstrap Protocol (BOOTP) service on your routing device. See Also: See HTH Policies and Standards Reference: NIST 800-53r5|CM-7 Policy Value: CONFIG_CHECK item: no ip bootp server Actual Value: no ip bootp server <---- | O20: N/A | R20: 549e7be8-1405-4274-a37c-56853449b396 | T20: 10.2.166.4 | U20: hth2-ipflex-hth2-cube1.hilltop.systems | X20: A4:6C:2A:B4:73:81 A4:6C:2A:B4:73:82 A4:6C:2A:B4:73:80 | Y20: Policy Compliance | Z20: 0 | AA20: 0 | AD20: 0 | AE20: 0 | AI20: 2026-04-20T14:36:10.744Z | AJ20: 2026-04-20T14:42:23.901Z | AK20: null | AN20: template-80295fee-c9f5-bb4f-0422-3f46012f5e2bba99a3058425a248 | AO20: dda80223-7230-4f84-93c3-cc2b0802dfe9 | AP20: 2026-04-20T14:45:52.585Z | AQ20: 2026-04-20T14:42:12Z | AS20: TRUE | AT20: None | AU20: 0 | AV20: 0 | AX20: 39 | AY20: local | AZ20: $Revision: 1.887 $ | BB20: 2026-04-16T00:00:00Z | BC20: 2010-05-17T00:00:00Z | BD20: FALSE | BE20: FALSE | BF20: FALSE | BG20: FALSE | BH20: FALSE | BI20: FALSE | BJ20: FALSE | BK20: FALSE | BL20: FALSE | BM20: FALSE | BN20: FALSE | BO20: FALSE | BP20: FALSE | BR20: =IFERROR(IF(M20="PASSED",VLOOKUP(J20,Current!J34:BR94,1,FALSE)),N20) -> "1.0041 - NETIOS - Set 'no ip bootp server: [PASSED]" Disable the Bootstrap Protocol (BOOTP) service on your routing device. See Also: See HTH Policies and Standards Reference: NIST 800-53r5|CM-7 Policy Value: CONFIG_CHECK item: no ip bootp server Actual Value: no ip bootp server <----
A21: 46689 | C21: 0 | D21: None | E21: hth2-ipflex-hth2-cube1.hilltop.systems | F21: tcp | G21: 0 | H21: Cisco IOS Compliance Checks | I21: Compliance checks for Cisco IOS devices. | J21: =MID($N21,FIND("1.",$N21),FIND("-",$N21)-FIND("1.",$N21)-1) -> 1.0042 | K21: =MID($N21,FIND("NETIOS - ",$N21)+8,FIND(":",$N21,40)-FIND("NETIOS - ",$N21)-8) -> Set 'no service pad: [PASSED]" Disable X. See Also | L21: =MID($N21,FIND("1.",$N21),FIND("[",$N21)-1-FIND("1.",$N21)-1) -> 1.0042 - NETIOS - Set 'no service pad | M21: =MID($N21,FIND("[",$N21)+1,FIND("]",$N21)-FIND("[",$N21)-1) -> PASSED | N21: "1.0042 - NETIOS - Set 'no service pad: [PASSED]" Disable X. See Also: See HTH Policies and Standards Reference: NIST 800-53r5|CM-7 Policy Value: CONFIG_CHECK item: no service pad Actual Value: no service pad <---- | O21: N/A | R21: 549e7be8-1405-4274-a37c-56853449b396 | T21: 10.2.166.4 | U21: hth2-ipflex-hth2-cube1.hilltop.systems | X21: A4:6C:2A:B4:73:81 A4:6C:2A:B4:73:82 A4:6C:2A:B4:73:80 | Y21: Policy Compliance | Z21: 0 | AA21: 0 | AD21: 0 | AE21: 0 | AI21: 2026-04-20T14:36:10.744Z | AJ21: 2026-04-20T14:42:23.901Z | AK21: null | AN21: template-80295fee-c9f5-bb4f-0422-3f46012f5e2bba99a3058425a248 | AO21: dda80223-7230-4f84-93c3-cc2b0802dfe9 | AP21: 2026-04-20T14:45:52.582Z | AQ21: 2026-04-20T14:42:12Z | AS21: TRUE | AT21: None | AU21: 0 | AV21: 0 | AX21: 39 | AY21: local | AZ21: $Revision: 1.887 $ | BB21: 2026-04-16T00:00:00Z | BC21: 2010-05-17T00:00:00Z | BD21: FALSE | BE21: FALSE | BF21: FALSE | BG21: FALSE | BH21: FALSE | BI21: FALSE | BJ21: FALSE | BK21: FALSE | BL21: FALSE | BM21: FALSE | BN21: FALSE | BO21: FALSE | BP21: FALSE | BR21: =IFERROR(IF(M21="PASSED",VLOOKUP(J21,Current!J35:BR95,1,FALSE)),N21) -> "1.0042 - NETIOS - Set 'no service pad: [PASSED]" Disable X. See Also: See HTH Policies and Standards Reference: NIST 800-53r5|CM-7 Policy Value: CONFIG_CHECK item: no service pad Actual Value: no service pad <----
A22: 46689 | C22: 0 | D22: None | E22: hth2-ipflex-hth2-cube1.hilltop.systems | F22: tcp | G22: 0 | H22: Cisco IOS Compliance Checks | I22: Compliance checks for Cisco IOS devices. | J22: =MID($N22,FIND("1.",$N22),FIND("-",$N22)-FIND("1.",$N22)-1) -> 1.0043 | K22: =MID($N22,FIND("NETIOS - ",$N22)+8,FIND(":",$N22,40)-FIND("NETIOS - ",$N22)-8) -> Set 'logging enable: [PASSED]" Enable logging of system messages. See Also | L22: =MID($N22,FIND("1.",$N22),FIND("[",$N22)-1-FIND("1.",$N22)-1) -> 1.0043 - NETIOS - Set 'logging enable | M22: =MID($N22,FIND("[",$N22)+1,FIND("]",$N22)-FIND("[",$N22)-1) -> PASSED | N22: "1.0043 - NETIOS - Set 'logging enable: [PASSED]" Enable logging of system messages. See Also: See HTH Policies and Standards Reference: NIST 800-53r5|AU-3 AU-3(1) AU-7 AU-12 Policy Value: CONFIG_CHECK item: logging host Actual Value: logging host 10.10.77.20 <---- | O22: N/A | R22: 549e7be8-1405-4274-a37c-56853449b396 | T22: 10.2.166.4 | U22: hth2-ipflex-hth2-cube1.hilltop.systems | X22: A4:6C:2A:B4:73:81 A4:6C:2A:B4:73:82 A4:6C:2A:B4:73:80 | Y22: Policy Compliance | Z22: 0 | AA22: 0 | AD22: 0 | AE22: 0 | AI22: 2026-04-20T14:36:10.744Z | AJ22: 2026-04-20T14:42:23.901Z | AK22: null | AN22: template-80295fee-c9f5-bb4f-0422-3f46012f5e2bba99a3058425a248 | AO22: dda80223-7230-4f84-93c3-cc2b0802dfe9 | AP22: 2026-04-20T14:45:52.597Z | AQ22: 2026-04-20T14:42:12Z | AS22: TRUE | AT22: None | AU22: 0 | AV22: 0 | AX22: 39 | AY22: local | AZ22: $Revision: 1.887 $ | BB22: 2026-04-16T00:00:00Z | BC22: 2010-05-17T00:00:00Z | BD22: FALSE | BE22: FALSE | BF22: FALSE | BG22: FALSE | BH22: FALSE | BI22: FALSE | BJ22: FALSE | BK22: FALSE | BL22: FALSE | BM22: FALSE | BN22: FALSE | BO22: FALSE | BP22: FALSE | BR22: =IFERROR(IF(M22="PASSED",VLOOKUP(J22,Current!J37:BR97,1,FALSE)),N22) -> "1.0043 - NETIOS - Set 'logging enable: [PASSED]" Enable logging of system messages. See Also: See HTH Policies and Standards Reference: NIST 800-53r5|AU-3 AU-3(1) AU-7 AU-12 Policy Value: CONFIG_CHECK item: logging host Actual Value: logging host 10.10.77.20 <----
A23: 46689 | C23: 0 | D23: High | E23: wc-harwd-sa-3202-image | F23: tcp | G23: 0 | H23: Cisco IOS Compliance Checks | I23: Compliance checks for Cisco IOS devices. | J23: =MID($N23,FIND("1.",$N23),FIND("-",$N23)-FIND("1.",$N23)-1) -> 1.0044 | K23: =MID($N23,FIND("NETIOS - ",$N23)+8,FIND(":",$N23,40)-FIND("NETIOS - ",$N23)-8) -> Set 'buffer size' for 'logging buffered | L23: =MID($N23,FIND("1.",$N23),FIND("[",$N23)-1-FIND("1.",$N23)-1) -> 1.0044 - NETIOS - Set 'buffer size' for 'logging buffered | M23: =MID($N23,FIND("[",$N23)+1,FIND("]",$N23)-FIND("[",$N23)-1) -> FAILED | N23: "1.0044 - NETIOS - Set 'buffer size' for 'logging buffered: [FAILED]" Enable system message logging to a local buffer. See Also: See HTH Policies and Standards Reference: NIST 800-53r5|AU-3 AU-3(1) AU-7 AU-12 Policy Value: CONFIG_CHECK item: logging buffered regex: logging buffered 64000( *|$) Actual Value: logging buffered 40960 | O23: N/A | R23: ed63f2e6-8ee8-4077-bff4-4307d8534492 | T23: 10.132.172.254 | U23: wc-harwd-sa-3202-image | X23: 2C:F8:9B:C8:7E:09 2C:F8:9B:C8:7E:07 2C:F8:9B:C8:7E:08 2C:F8:9B:C8:7E:0E 2C:F8:9B:C8:7E:0F 2C:F8:9B:C8:7E:0C 2C:F8:9B:C8:7E:0D 2C:F8:9B:C8:7E:0A 2C:F8:9B:C8:7E:0B 2C:F8:9B:C8:7E:16 2C:F8:9B:C8:7E:17 2C:F8:9B:C8:7E:14 2C:F8:9B:C8:7E:15 2C:F8:9B:C8:7E:12 2C:F8:9B:C8:7E:13 2C:F8:9B:C8:7E:10 2C:F8:9B:C8:7E:11 2C:F8:9B:C8:7E:05 2C:F8:9B:C8:7E:06 2C:F8:9B:C8:7E:03 2C:F8:9B:C8:7E:47 2C:F8:9B:C8:7E:04 2C:F8:9B:C8:7E:01 2C:F8:9B:C8:7E:02 2C:F8:9B:C8:7E:00 2C:F8:9B:C8:7E:29 2C:F8:9B:C8:7E:2E 2C:F8:9B:C8:7E:2F 2C:F8:9B:C8:7E:2C 2C:F8:9B:C8:7E:2D 2C:F8:9B:C8:7E:2A 2C:F8:9B:C8:7E:2B 2C:F8:9B:C8:7E:30 2C:F8:9B:C8:7E:31 2C:F8:9B:C8:7E:73 2C:F8:9B:C8:7E:70 2C:F8:9B:C8:7E:34 2C:F8:9B:C8:7E:32 2C:F8:9B:C8:7E:33 2C:F8:9B:C8:7E:18 2C:F8:9B:C8:7E:19 2C:F8:9B:C8:7E:1F 2C:F8:9B:C8:7E:1D 2C:F8:9B:C8:7E:1E 2C:F8:9B:C8:7E:1B 2C:F8:9B:C8:7E:1C 2C:F8:9B:C8:7E:1A 2C:F8:9B:C8:7E:20 2C:F8:9B:C8:7E:27 2C:F8:9B:C8:7E:28 2C:F8:9B:C8:7E:25 2C:F8:9B:C8:7E:26 2C:F8:9B:C8:7E:23 2C:F8:9B:C8:7E:24 2C:F8:9B:C8:7E:21 2C:F8:9B:C8:7E:22 | Y23: Policy Compliance | Z23: 0 | AA23: 0 | AD23: 0 | AE23: 0 | AI23: 2026-04-20T14:36:10.744Z | AJ23: 2026-04-20T14:42:23.901Z | AK23: null | AN23: template-80295fee-c9f5-bb4f-0422-3f46012f5e2bba99a3058425a248 | AO23: dda80223-7230-4f84-93c3-cc2b0802dfe9 | AP23: 2026-04-20T14:45:52.607Z | AQ23: 2026-04-20T14:40:07Z | AS23: TRUE | AT23: None | AU23: 0 | AV23: 0 | AX23: 39 | AY23: local | AZ23: $Revision: 1.887 $ | BB23: 2026-04-16T00:00:00Z | BC23: 2010-05-17T00:00:00Z | BD23: FALSE | BE23: FALSE | BF23: FALSE | BG23: FALSE | BH23: FALSE | BI23: FALSE | BJ23: FALSE | BK23: FALSE | BL23: FALSE | BM23: FALSE | BN23: FALSE | BO23: FALSE | BP23: FALSE | BR23: =IFERROR(IF(M23="PASSED",VLOOKUP(J23,Current!J39:BR99,1,FALSE)),N23) -> FALSE
A24: 46689 | C24: 0 | D24: None | E24: hth2-ipflex-hth2-cube1.hilltop.systems | F24: tcp | G24: 0 | H24: Cisco IOS Compliance Checks | I24: Compliance checks for Cisco IOS devices. | J24: =MID($N24,FIND("1.",$N24),FIND("-",$N24)-FIND("1.",$N24)-1) -> 1.0044 | K24: =MID($N24,FIND("NETIOS - ",$N24)+8,FIND(":",$N24,40)-FIND("NETIOS - ",$N24)-8) -> Set 'buffer size' for 'logging buffered | L24: =MID($N24,FIND("1.",$N24),FIND("[",$N24)-1-FIND("1.",$N24)-1) -> 1.0044 - NETIOS - Set 'buffer size' for 'logging buffered | M24: =MID($N24,FIND("[",$N24)+1,FIND("]",$N24)-FIND("[",$N24)-1) -> PASSED | N24: "1.0044 - NETIOS - Set 'buffer size' for 'logging buffered: [PASSED]" Enable system message logging to a local buffer. See Also: See HTH Policies and Standards Reference: NIST 800-53r5|AU-3 AU-3(1) AU-7 AU-12 Policy Value: CONFIG_CHECK item: logging buffered regex: logging buffered 64000( *|$) Actual Value: logging buffered 64000 <---- | O24: N/A | R24: 549e7be8-1405-4274-a37c-56853449b396 | T24: 10.2.166.4 | U24: hth2-ipflex-hth2-cube1.hilltop.systems | X24: A4:6C:2A:B4:73:81 A4:6C:2A:B4:73:82 A4:6C:2A:B4:73:80 | Y24: Policy Compliance | Z24: 0 | AA24: 0 | AD24: 0 | AE24: 0 | AI24: 2026-04-20T14:36:10.744Z | AJ24: 2026-04-20T14:42:23.901Z | AK24: null | AN24: template-80295fee-c9f5-bb4f-0422-3f46012f5e2bba99a3058425a248 | AO24: dda80223-7230-4f84-93c3-cc2b0802dfe9 | AP24: 2026-04-20T14:45:52.598Z | AQ24: 2026-04-20T14:42:12Z | AS24: TRUE | AT24: None | AU24: 0 | AV24: 0 | AX24: 39 | AY24: local | AZ24: $Revision: 1.887 $ | BB24: 2026-04-16T00:00:00Z | BC24: 2010-05-17T00:00:00Z | BD24: FALSE | BE24: FALSE | BF24: FALSE | BG24: FALSE | BH24: FALSE | BI24: FALSE | BJ24: FALSE | BK24: FALSE | BL24: FALSE | BM24: FALSE | BN24: FALSE | BO24: FALSE | BP24: FALSE | BR24: =IFERROR(IF(M24="PASSED",VLOOKUP(J24,Current!J40:BR100,1,FALSE)),N24) -> "1.0044 - NETIOS - Set 'buffer size' for 'logging buffered: [PASSED]" Enable system message logging to a local buffer. See Also: See HTH Policies and Standards Reference: NIST 800-53r5|AU-3 AU-3(1) AU-7 AU-12 Policy Value: CONFIG_CHECK item: logging buffered regex: logging buffered 64000( *|$) Actual Value: logging buffered 64000 <----
A25: 46689 | C25: 0 | D25: High | E25: hth2-ipflex-hth2-cube1.hilltop.systems | F25: tcp | G25: 0 | H25: Cisco IOS Compliance Checks | I25: Compliance checks for Cisco IOS devices. | J25: =MID($N25,FIND("1.",$N25),FIND("-",$N25)-FIND("1.",$N25)-1) -> 1.0045 | K25: =MID($N25,FIND("NETIOS - ",$N25)+8,FIND(":",$N25,40)-FIND("NETIOS - ",$N25)-8) -> Set IP address for 'logging host | L25: =MID($N25,FIND("1.",$N25),FIND("[",$N25)-1-FIND("1.",$N25)-1) -> 1.0045 - NETIOS - Set IP address for 'logging host | M25: =MID($N25,FIND("[",$N25)+1,FIND("]",$N25)-FIND("[",$N25)-1) -> FAILED | N25: "1.0045 - NETIOS - Set IP address for 'logging host: [FAILED]" Log system messages and debug output to a remote host. See Also: See HTH Policies and Standards Reference: NIST 800-53r5|AU-6(1) AU-7 IR-4(1) SI-4 SI-4(2) SI-4(5) Policy Value: CONFIG_CHECK item: logging host 192.168.2.1 Actual Value: logging host 192.168.2.1 not found in the configuration file | O25: N/A | R25: 549e7be8-1405-4274-a37c-56853449b396 | T25: 10.2.166.4 | U25: hth2-ipflex-hth2-cube1.hilltop.systems | X25: A4:6C:2A:B4:73:81 A4:6C:2A:B4:73:82 A4:6C:2A:B4:73:80 | Y25: Policy Compliance | Z25: 0 | AA25: 0 | AD25: 0 | AE25: 0 | AI25: 2026-04-20T14:36:10.744Z | AJ25: 2026-04-20T14:42:23.901Z | AK25: null | AN25: template-80295fee-c9f5-bb4f-0422-3f46012f5e2bba99a3058425a248 | AO25: dda80223-7230-4f84-93c3-cc2b0802dfe9 | AP25: 2026-04-20T14:45:52.584Z | AQ25: 2026-04-20T14:42:12Z | AS25: TRUE | AT25: None | AU25: 0 | AV25: 0 | AX25: 39 | AY25: local | AZ25: $Revision: 1.887 $ | BB25: 2026-04-16T00:00:00Z | BC25: 2010-05-17T00:00:00Z | BD25: FALSE | BE25: FALSE | BF25: FALSE | BG25: FALSE | BH25: FALSE | BI25: FALSE | BJ25: FALSE | BK25: FALSE | BL25: FALSE | BM25: FALSE | BN25: FALSE | BO25: FALSE | BP25: FALSE | BR25: =IFERROR(IF(M25="PASSED",VLOOKUP(J25,Current!J41:BR101,1,FALSE)),N25) -> FALSE
A26: 46689 | C26: 0 | D26: High | E26: hth2-ipflex-hth2-cube1.hilltop.systems | F26: tcp | G26: 0 | H26: Cisco IOS Compliance Checks | I26: Compliance checks for Cisco IOS devices. | J26: =MID($N26,FIND("1.",$N26),FIND("-",$N26)-FIND("1.",$N26)-1) -> 1.0046 | K26: =MID($N26,FIND("NETIOS - ",$N26)+8,FIND(":",$N26,40)-FIND("NETIOS - ",$N26)-8) -> Set 'logging source interface | L26: =MID($N26,FIND("1.",$N26),FIND("[",$N26)-1-FIND("1.",$N26)-1) -> 1.0046 - NETIOS - Set 'logging source interface | M26: =MID($N26,FIND("[",$N26)+1,FIND("]",$N26)-FIND("[",$N26)-1) -> FAILED | N26: "1.0046 - NETIOS - Set 'logging source interface: [FAILED]" Specify the source IPv4 or IPv6 address of system logging packets See Also: See HTH Policies and Standards Reference: NIST 800-53r5|AU-3 AU-3(1) AU-7 AU-12 Policy Value: CONFIG_CHECK item: logging source-interface .+ Actual Value: logging source-interface .+ not found in the configuration file | O26: N/A | R26: 549e7be8-1405-4274-a37c-56853449b396 | T26: 10.2.166.4 | U26: hth2-ipflex-hth2-cube1.hilltop.systems | X26: A4:6C:2A:B4:73:81 A4:6C:2A:B4:73:82 A4:6C:2A:B4:73:80 | Y26: Policy Compliance | Z26: 0 | AA26: 0 | AD26: 0 | AE26: 0 | AI26: 2026-04-20T14:36:10.744Z | AJ26: 2026-04-20T14:42:23.901Z | AK26: null | AN26: template-80295fee-c9f5-bb4f-0422-3f46012f5e2bba99a3058425a248 | AO26: dda80223-7230-4f84-93c3-cc2b0802dfe9 | AP26: 2026-04-20T14:45:52.586Z | AQ26: 2026-04-20T14:42:12Z | AS26: TRUE | AT26: None | AU26: 0 | AV26: 0 | AX26: 39 | AY26: local | AZ26: $Revision: 1.887 $ | BB26: 2026-04-16T00:00:00Z | BC26: 2010-05-17T00:00:00Z | BD26: FALSE | BE26: FALSE | BF26: FALSE | BG26: FALSE | BH26: FALSE | BI26: FALSE | BJ26: FALSE | BK26: FALSE | BL26: FALSE | BM26: FALSE | BN26: FALSE | BO26: FALSE | BP26: FALSE | BR26: =IFERROR(IF(M26="PASSED",VLOOKUP(J26,Current!J43:BR103,1,FALSE)),N26) -> FALSE
A27: 46689 | C27: 0 | D27: High | E27: hth2-ipflex-hth2-cube1.hilltop.systems | F27: tcp | G27: 0 | H27: Cisco IOS Compliance Checks | I27: Compliance checks for Cisco IOS devices. | J27: =MID($N27,FIND("1.",$N27),FIND("-",$N27)-FIND("1.",$N27)-1) -> 1.0047 | K27: =MID($N27,FIND("NETIOS - ",$N27)+8,FIND(":",$N27,40)-FIND("NETIOS - ",$N27)-8) -> Set 'ip address' for 'ntp server | L27: =MID($N27,FIND("1.",$N27),FIND("[",$N27)-1-FIND("1.",$N27)-1) -> 1.0047 - NETIOS - Set 'ip address' for 'ntp server | M27: =MID($N27,FIND("[",$N27)+1,FIND("]",$N27)-FIND("[",$N27)-1) -> FAILED | N27: "1.0047 - NETIOS - Set 'ip address' for 'ntp server: [FAILED]" Use this command if you want to allow the system to synchronize the system software clock with the specified NTP server. See Also: See HTH Policies and Standards Reference: NIST 800-53r5|AU-7 AU-8 Policy Value: CONFIG_CHECK item: ntp server 192.168.3.1 Actual Value: ntp server 192.168.3.1 not found in the configuration file | O27: N/A | R27: 549e7be8-1405-4274-a37c-56853449b396 | T27: 10.2.166.4 | U27: hth2-ipflex-hth2-cube1.hilltop.systems | X27: A4:6C:2A:B4:73:81 A4:6C:2A:B4:73:82 A4:6C:2A:B4:73:80 | Y27: Policy Compliance | Z27: 0 | AA27: 0 | AD27: 0 | AE27: 0 | AI27: 2026-04-20T14:36:10.744Z | AJ27: 2026-04-20T14:42:23.901Z | AK27: null | AN27: template-80295fee-c9f5-bb4f-0422-3f46012f5e2bba99a3058425a248 | AO27: dda80223-7230-4f84-93c3-cc2b0802dfe9 | AP27: 2026-04-20T14:45:52.582Z | AQ27: 2026-04-20T14:42:12Z | AS27: TRUE | AT27: None | AU27: 0 | AV27: 0 | AX27: 39 | AY27: local | AZ27: $Revision: 1.887 $ | BB27: 2026-04-16T00:00:00Z | BC27: 2010-05-17T00:00:00Z | BD27: FALSE | BE27: FALSE | BF27: FALSE | BG27: FALSE | BH27: FALSE | BI27: FALSE | BJ27: FALSE | BK27: FALSE | BL27: FALSE | BM27: FALSE | BN27: FALSE | BO27: FALSE | BP27: FALSE | BR27: =IFERROR(IF(M27="PASSED",VLOOKUP(J27,Current!J45:BR105,1,FALSE)),N27) -> FALSE
A28: 46689 | C28: 0 | D28: None | E28: hth2-ipflex-hth2-cube1.hilltop.systems | F28: tcp | G28: 0 | H28: Cisco IOS Compliance Checks | I28: Compliance checks for Cisco IOS devices. | J28: =MID($N28,FIND("1.",$N28),FIND("-",$N28)-FIND("1.",$N28)-1) -> 1.0048 | K28: =MID($N28,FIND("NETIOS - ",$N28)+8,FIND(":",$N28,40)-FIND("NETIOS - ",$N28)-8) -> Set 'no interface tunnel | L28: =MID($N28,FIND("1.",$N28),FIND("[",$N28)-1-FIND("1.",$N28)-1) -> 1.0048 - NETIOS - Set 'no interface tunnel | M28: =MID($N28,FIND("[",$N28)+1,FIND("]",$N28)-FIND("[",$N28)-1) -> PASSED | N28: "1.0048 - NETIOS - Set 'no interface tunnel: [PASSED]" Verify no tunnel interfaces are defined. See Also: See HTH Policies and Standards Reference: NIST 800-53r5|CM-7 Policy Value: CONFIG_CHECK_NOT item: interface [Tt]unnel[0-9]+ Actual Value: interface [Tt]unnel[0-9]+ not found in the configuration file | O28: N/A | R28: 549e7be8-1405-4274-a37c-56853449b396 | T28: 10.2.166.4 | U28: hth2-ipflex-hth2-cube1.hilltop.systems | X28: A4:6C:2A:B4:73:81 A4:6C:2A:B4:73:82 A4:6C:2A:B4:73:80 | Y28: Policy Compliance | Z28: 0 | AA28: 0 | AD28: 0 | AE28: 0 | AI28: 2026-04-20T14:36:10.744Z | AJ28: 2026-04-20T14:42:23.901Z | AK28: null | AN28: template-80295fee-c9f5-bb4f-0422-3f46012f5e2bba99a3058425a248 | AO28: dda80223-7230-4f84-93c3-cc2b0802dfe9 | AP28: 2026-04-20T14:45:52.580Z | AQ28: 2026-04-20T14:42:12Z | AS28: TRUE | AT28: None | AU28: 0 | AV28: 0 | AX28: 39 | AY28: local | AZ28: $Revision: 1.887 $ | BB28: 2026-04-16T00:00:00Z | BC28: 2010-05-17T00:00:00Z | BD28: FALSE | BE28: FALSE | BF28: FALSE | BG28: FALSE | BH28: FALSE | BI28: FALSE | BJ28: FALSE | BK28: FALSE | BL28: FALSE | BM28: FALSE | BN28: FALSE | BO28: FALSE | BP28: FALSE | BR28: =IFERROR(IF(M28="PASSED",VLOOKUP(J28,Current!J47:BR107,1,FALSE)),N28) -> "1.0048 - NETIOS - Set 'no interface tunnel: [PASSED]" Verify no tunnel interfaces are defined. See Also: See HTH Policies and Standards Reference: NIST 800-53r5|CM-7 Policy Value: CONFIG_CHECK_NOT item: interface [Tt]unnel[0-9]+ Actual Value: interface [Tt]unnel[0-9]+ not found in the configuration file
A29: 46689 | C29: 0 | D29: High | E29: hth2-ipflex-hth2-cube1.hilltop.systems | F29: tcp | G29: 0 | H29: Cisco IOS Compliance Checks | I29: Compliance checks for Cisco IOS devices. | J29: =MID($N29,FIND("1.",$N29),FIND("-",$N29)-FIND("1.",$N29)-1) -> 1.0049 | K29: =MID($N29,FIND("NETIOS - ",$N29)+8,FIND(":",$N29,40)-FIND("NETIOS - ",$N29)-8) -> Set 'ip verify unicast source reachable-via | L29: =MID($N29,FIND("1.",$N29),FIND("[",$N29)-1-FIND("1.",$N29)-1) -> 1.0049 - NETIOS - Set 'ip verify unicast source reachable-via | M29: =MID($N29,FIND("[",$N29)+1,FIND("]",$N29)-FIND("[",$N29)-1) -> FAILED | N29: "1.0049 - NETIOS - Set 'ip verify unicast source reachable-via: [FAILED]" Examines incoming packets to determine whether the source address is in the Forwarding Information Base (FIB) and permits the packet only if the source is reachable through the interface on which the packet was received (sometimes referred to as strict mode). See Also: See HTH Policies and Standards Reference: NIST 800-53r5|CM-7 Policy Value: CONFIG_CHECK item: ip verify unicast regex: ip verify unicast source reachable-via context: interface .+ Actual Value: interface Loopback0 description ##CRIT## no ip address interface Embedded-Service-Engine0/0 ip address 3.3.5.1 255.255.255.0 shutdown interface GigabitEthernet0/0 description ##CRIT## ip address 10.2.166.4 255.255.255.0 duplex auto speed auto no mop enabled interface GigabitEthernet0/1 description ##CRIT## ip address 12.229.217.194 255.255.255.240 duplex full speed 1000 media-type rj45 no mop enabled interface GigabitEthernet0/2 ip address 3.3.5.7 255.255.255.0 duplex auto speed auto | O29: N/A | R29: 549e7be8-1405-4274-a37c-56853449b396 | T29: 10.2.166.4 | U29: hth2-ipflex-hth2-cube1.hilltop.systems | X29: A4:6C:2A:B4:73:81 A4:6C:2A:B4:73:82 A4:6C:2A:B4:73:80 | Y29: Policy Compliance | Z29: 0 | AA29: 0 | AD29: 0 | AE29: 0 | AI29: 2026-04-20T14:36:10.744Z | AJ29: 2026-04-20T14:42:23.901Z | AK29: null | AN29: template-80295fee-c9f5-bb4f-0422-3f46012f5e2bba99a3058425a248 | AO29: dda80223-7230-4f84-93c3-cc2b0802dfe9 | AP29: 2026-04-20T14:45:52.601Z | AQ29: 2026-04-20T14:42:12Z | AS29: TRUE | AT29: None | AU29: 0 | AV29: 0 | AX29: 39 | AY29: local | AZ29: $Revision: 1.887 $ | BB29: 2026-04-16T00:00:00Z | BC29: 2010-05-17T00:00:00Z | BD29: FALSE | BE29: FALSE | BF29: FALSE | BG29: FALSE | BH29: FALSE | BI29: FALSE | BJ29: FALSE | BK29: FALSE | BL29: FALSE | BM29: FALSE | BN29: FALSE | BO29: FALSE | BP29: FALSE | BR29: =IFERROR(IF(M29="PASSED",VLOOKUP(J29,Current!J49:BR109,1,FALSE)),N29) -> FALSE
A30: 46689 | C30: 0 | D30: High | E30: hth2-ipflex-hth2-cube1.hilltop.systems | F30: tcp | G30: 0 | H30: Cisco IOS Compliance Checks | I30: Compliance checks for Cisco IOS devices. | J30: =MID($N30,FIND("1.",$N30),FIND("-",$N30)-FIND("1.",$N30)-1) -> 1.0050 | K30: =MID($N30,FIND("NETIOS - ",$N30)+8,FIND(":",$N30,40)-FIND("NETIOS - ",$N30)-8) -> Set 'authentication mode md5 | L30: =MID($N30,FIND("1.",$N30),FIND("[",$N30)-1-FIND("1.",$N30)-1) -> 1.0050 - NETIOS - Set 'authentication mode md5 | M30: =MID($N30,FIND("[",$N30)+1,FIND("]",$N30)-FIND("[",$N30)-1) -> FAILED | N30: "1.0050 - NETIOS - Set 'authentication mode md5: [FAILED]" Configure authentication to prevent unapproved sources from introducing unauthorized or false service messages. See Also: See HTH Policies and Standards Reference: NIST 800-53r5|AC-18 AC-18(1) AC-18(3) CM-2 CM-6 CM-7 CM-7(1) CM-9 Policy Value: CONFIG_CHECK item: authentication mode md5 context: router eigrp .+ Actual Value: router eigrp .+ not found in the configuration file | O30: N/A | R30: 549e7be8-1405-4274-a37c-56853449b396 | T30: 10.2.166.4 | U30: hth2-ipflex-hth2-cube1.hilltop.systems | X30: A4:6C:2A:B4:73:81 A4:6C:2A:B4:73:82 A4:6C:2A:B4:73:80 | Y30: Policy Compliance | Z30: 0 | AA30: 0 | AD30: 0 | AE30: 0 | AI30: 2026-04-20T14:36:10.744Z | AJ30: 2026-04-20T14:42:23.901Z | AK30: null | AN30: template-80295fee-c9f5-bb4f-0422-3f46012f5e2bba99a3058425a248 | AO30: dda80223-7230-4f84-93c3-cc2b0802dfe9 | AP30: 2026-04-20T14:45:52.579Z | AQ30: 2026-04-20T14:42:12Z | AS30: TRUE | AT30: None | AU30: 0 | AV30: 0 | AX30: 39 | AY30: local | AZ30: $Revision: 1.887 $ | BB30: 2026-04-16T00:00:00Z | BC30: 2010-05-17T00:00:00Z | BD30: FALSE | BE30: FALSE | BF30: FALSE | BG30: FALSE | BH30: FALSE | BI30: FALSE | BJ30: FALSE | BK30: FALSE | BL30: FALSE | BM30: FALSE | BN30: FALSE | BO30: FALSE | BP30: FALSE | BR30: =IFERROR(IF(M30="PASSED",VLOOKUP(J30,Current!J51:BR111,1,FALSE)),N30) -> FALSE
A31: 46689 | C31: 0 | D31: High | E31: hth2-ipflex-hth2-cube1.hilltop.systems | F31: tcp | G31: 0 | H31: Cisco IOS Compliance Checks | I31: Compliance checks for Cisco IOS devices. | J31: =MID($N31,FIND("1.",$N31),FIND("-",$N31)-FIND("1.",$N31)-1) -> 1.0051 | K31: =MID($N31,FIND("NETIOS - ",$N31)+8,FIND(":",$N31,40)-FIND("NETIOS - ",$N31)-8) -> Set 'aaa accounting system | L31: =MID($N31,FIND("1.",$N31),FIND("[",$N31)-1-FIND("1.",$N31)-1) -> 1.0051 - NETIOS - Set 'aaa accounting system | M31: =MID($N31,FIND("[",$N31)+1,FIND("]",$N31)-FIND("[",$N31)-1) -> FAILED | N31: "1.0051 - NETIOS - Set 'aaa accounting system: [FAILED]" Performs accounting for all system-level events not associated with users, such as reloads. See Also: See HTH Policies and Standards Reference: NIST 800-53r5|AU-2 AU-3 AU-3(1) AU-7 AU-12 Policy Value: CONFIG_CHECK item: aaa accounting system [^ ]+ Actual Value: aaa accounting system [^ ]+ not found in the configuration file | O31: N/A | R31: 549e7be8-1405-4274-a37c-56853449b396 | T31: 10.2.166.4 | U31: hth2-ipflex-hth2-cube1.hilltop.systems | X31: A4:6C:2A:B4:73:81 A4:6C:2A:B4:73:82 A4:6C:2A:B4:73:80 | Y31: Policy Compliance | Z31: 0 | AA31: 0 | AD31: 0 | AE31: 0 | AI31: 2026-04-20T14:36:10.744Z | AJ31: 2026-04-20T14:42:23.901Z | AK31: null | AN31: template-80295fee-c9f5-bb4f-0422-3f46012f5e2bba99a3058425a248 | AO31: dda80223-7230-4f84-93c3-cc2b0802dfe9 | AP31: 2026-04-20T14:45:52.598Z | AQ31: 2026-04-20T14:42:12Z | AS31: TRUE | AT31: None | AU31: 0 | AV31: 0 | AX31: 39 | AY31: local | AZ31: $Revision: 1.887 $ | BB31: 2026-04-16T00:00:00Z | BC31: 2010-05-17T00:00:00Z | BD31: FALSE | BE31: FALSE | BF31: FALSE | BG31: FALSE | BH31: FALSE | BI31: FALSE | BJ31: FALSE | BK31: FALSE | BL31: FALSE | BM31: FALSE | BN31: FALSE | BO31: FALSE | BP31: FALSE | BR31: =IFERROR(IF(M31="PASSED",VLOOKUP(J31,Current!J53:BR113,1,FALSE)),N31) -> FALSE
A32: 46689 | C32: 0 | D32: None | E32: wc-harwd-sa-3202-image | F32: tcp | G32: 0 | H32: Cisco IOS Compliance Checks | I32: Compliance checks for Cisco IOS devices. | J32: =MID($N32,FIND("1.",$N32),FIND("-",$N32)-FIND("1.",$N32)-1) -> 1.0051 | K32: =MID($N32,FIND("NETIOS - ",$N32)+8,FIND(":",$N32,40)-FIND("NETIOS - ",$N32)-8) -> Set 'aaa accounting system | L32: =MID($N32,FIND("1.",$N32),FIND("[",$N32)-1-FIND("1.",$N32)-1) -> 1.0051 - NETIOS - Set 'aaa accounting system | M32: =MID($N32,FIND("[",$N32)+1,FIND("]",$N32)-FIND("[",$N32)-1) -> PASSED | N32: "1.0051 - NETIOS - Set 'aaa accounting system: [PASSED]" Performs accounting for all system-level events not associated with users, such as reloads. See Also: See HTH Policies and Standards Reference: NIST 800-53r5|AU-2 AU-3 AU-3(1) AU-7 AU-12 Policy Value: CONFIG_CHECK item: aaa accounting system [^ ]+ Actual Value: aaa accounting system default start-stop group HTH-ISE <---- | O32: N/A | R32: ed63f2e6-8ee8-4077-bff4-4307d8534492 | T32: 10.132.172.254 | U32: wc-harwd-sa-3202-image | X32: 2C:F8:9B:C8:7E:09 2C:F8:9B:C8:7E:07 2C:F8:9B:C8:7E:08 2C:F8:9B:C8:7E:0E 2C:F8:9B:C8:7E:0F 2C:F8:9B:C8:7E:0C 2C:F8:9B:C8:7E:0D 2C:F8:9B:C8:7E:0A 2C:F8:9B:C8:7E:0B 2C:F8:9B:C8:7E:16 2C:F8:9B:C8:7E:17 2C:F8:9B:C8:7E:14 2C:F8:9B:C8:7E:15 2C:F8:9B:C8:7E:12 2C:F8:9B:C8:7E:13 2C:F8:9B:C8:7E:10 2C:F8:9B:C8:7E:11 2C:F8:9B:C8:7E:05 2C:F8:9B:C8:7E:06 2C:F8:9B:C8:7E:03 2C:F8:9B:C8:7E:47 2C:F8:9B:C8:7E:04 2C:F8:9B:C8:7E:01 2C:F8:9B:C8:7E:02 2C:F8:9B:C8:7E:00 2C:F8:9B:C8:7E:29 2C:F8:9B:C8:7E:2E 2C:F8:9B:C8:7E:2F 2C:F8:9B:C8:7E:2C 2C:F8:9B:C8:7E:2D 2C:F8:9B:C8:7E:2A 2C:F8:9B:C8:7E:2B 2C:F8:9B:C8:7E:30 2C:F8:9B:C8:7E:31 2C:F8:9B:C8:7E:73 2C:F8:9B:C8:7E:70 2C:F8:9B:C8:7E:34 2C:F8:9B:C8:7E:32 2C:F8:9B:C8:7E:33 2C:F8:9B:C8:7E:18 2C:F8:9B:C8:7E:19 2C:F8:9B:C8:7E:1F 2C:F8:9B:C8:7E:1D 2C:F8:9B:C8:7E:1E 2C:F8:9B:C8:7E:1B 2C:F8:9B:C8:7E:1C 2C:F8:9B:C8:7E:1A 2C:F8:9B:C8:7E:20 2C:F8:9B:C8:7E:27 2C:F8:9B:C8:7E:28 2C:F8:9B:C8:7E:25 2C:F8:9B:C8:7E:26 2C:F8:9B:C8:7E:23 2C:F8:9B:C8:7E:24 2C:F8:9B:C8:7E:21 2C:F8:9B:C8:7E:22 | Y32: Policy Compliance | Z32: 0 | AA32: 0 | AD32: 0 | AE32: 0 | AI32: 2026-04-20T14:36:10.744Z | AJ32: 2026-04-20T14:42:23.901Z | AK32: null | AN32: template-80295fee-c9f5-bb4f-0422-3f46012f5e2bba99a3058425a248 | AO32: dda80223-7230-4f84-93c3-cc2b0802dfe9 | AP32: 2026-04-20T14:45:52.606Z | AQ32: 2026-04-20T14:40:07Z | AS32: TRUE | AT32: None | AU32: 0 | AV32: 0 | AX32: 39 | AY32: local | AZ32: $Revision: 1.887 $ | BB32: 2026-04-16T00:00:00Z | BC32: 2010-05-17T00:00:00Z | BD32: FALSE | BE32: FALSE | BF32: FALSE | BG32: FALSE | BH32: FALSE | BI32: FALSE | BJ32: FALSE | BK32: FALSE | BL32: FALSE | BM32: FALSE | BN32: FALSE | BO32: FALSE | BP32: FALSE | BR32: =IFERROR(IF(M32="PASSED",VLOOKUP(J32,Current!J54:BR114,1,FALSE)),N32) -> "1.0051 - NETIOS - Set 'aaa accounting system: [PASSED]" Performs accounting for all system-level events not associated with users, such as reloads. See Also: See HTH Policies and Standards Reference: NIST 800-53r5|AU-2 AU-3 AU-3(1) AU-7 AU-12 Policy Value: CONFIG_CHECK item: aaa accounting system [^ ]+ Actual Value: aaa accounting system default start-stop group HTH-ISE <----
A33: 46689 | C33: 0 | D33: High | E33: hth2-ipflex-hth2-cube1.hilltop.systems | F33: tcp | G33: 0 | H33: Cisco IOS Compliance Checks | I33: Compliance checks for Cisco IOS devices. | J33: =MID($N33,FIND("1.",$N33),FIND("-",$N33)-FIND("1.",$N33)-1) -> 1.0052 | K33: =MID($N33,FIND("NETIOS - ",$N33)+8,FIND(":",$N33,40)-FIND("NETIOS - ",$N33)-8) -> Set 'login authentication for 'ip http | L33: =MID($N33,FIND("1.",$N33),FIND("[",$N33)-1-FIND("1.",$N33)-1) -> 1.0052 - NETIOS - Set 'login authentication for 'ip http | M33: =MID($N33,FIND("[",$N33)+1,FIND("]",$N33)-FIND("[",$N33)-1) -> FAILED | N33: "1.0052 - NETIOS - Set 'login authentication for 'ip http: [FAILED]" If account management functions are not automatically enforced, an attacker could gain privileged access to a vital element of the network security architecture See Also: See HTH Policies and Standards Reference: NIST 800-53r5|AC-2(1) Policy Value: CONFIG_CHECK item: ^[ ]*ip http authentication (local|aaa_list_name) Actual Value: ^[ ]*ip http authentication (local|aaa_list_name) not found in the configuration file | O33: N/A | R33: 549e7be8-1405-4274-a37c-56853449b396 | T33: 10.2.166.4 | U33: hth2-ipflex-hth2-cube1.hilltop.systems | X33: A4:6C:2A:B4:73:81 A4:6C:2A:B4:73:82 A4:6C:2A:B4:73:80 | Y33: Policy Compliance | Z33: 0 | AA33: 0 | AD33: 0 | AE33: 0 | AI33: 2026-04-20T14:36:10.744Z | AJ33: 2026-04-20T14:42:23.901Z | AK33: null | AN33: template-80295fee-c9f5-bb4f-0422-3f46012f5e2bba99a3058425a248 | AO33: dda80223-7230-4f84-93c3-cc2b0802dfe9 | AP33: 2026-04-20T14:45:52.584Z | AQ33: 2026-04-20T14:42:12Z | AS33: TRUE | AT33: None | AU33: 0 | AV33: 0 | AX33: 39 | AY33: local | AZ33: $Revision: 1.887 $ | BB33: 2026-04-16T00:00:00Z | BC33: 2010-05-17T00:00:00Z | BD33: FALSE | BE33: FALSE | BF33: FALSE | BG33: FALSE | BH33: FALSE | BI33: FALSE | BJ33: FALSE | BK33: FALSE | BL33: FALSE | BM33: FALSE | BN33: FALSE | BO33: FALSE | BP33: FALSE | BR33: =IFERROR(IF(M33="PASSED",VLOOKUP(J33,Current!J55:BR115,1,FALSE)),N33) -> FALSE
A34: 46689 | C34: 0 | D34: None | E34: wc-harwd-sa-3202-image | F34: tcp | G34: 0 | H34: Cisco IOS Compliance Checks | I34: Compliance checks for Cisco IOS devices. | J34: =MID($N34,FIND("1.",$N34),FIND("-",$N34)-FIND("1.",$N34)-1) -> 1.0052 | K34: =MID($N34,FIND("NETIOS - ",$N34)+8,FIND(":",$N34,40)-FIND("NETIOS - ",$N34)-8) -> Set 'login authentication for 'ip http | L34: =MID($N34,FIND("1.",$N34),FIND("[",$N34)-1-FIND("1.",$N34)-1) -> 1.0052 - NETIOS - Set 'login authentication for 'ip http | M34: =MID($N34,FIND("[",$N34)+1,FIND("]",$N34)-FIND("[",$N34)-1) -> PASSED | N34: "1.0052 - NETIOS - Set 'login authentication for 'ip http: [PASSED]" If account management functions are not automatically enforced, an attacker could gain privileged access to a vital element of the network security architecture See Also: See HTH Policies and Standards Reference: NIST 800-53r5|AC-2(1) Policy Value: CONFIG_CHECK item: ^[ ]*ip http authentication (local|aaa_list_name) Actual Value: ip http authentication local <---- | O34: N/A | R34: ed63f2e6-8ee8-4077-bff4-4307d8534492 | T34: 10.132.172.254 | U34: wc-harwd-sa-3202-image | X34: 2C:F8:9B:C8:7E:09 2C:F8:9B:C8:7E:07 2C:F8:9B:C8:7E:08 2C:F8:9B:C8:7E:0E 2C:F8:9B:C8:7E:0F 2C:F8:9B:C8:7E:0C 2C:F8:9B:C8:7E:0D 2C:F8:9B:C8:7E:0A 2C:F8:9B:C8:7E:0B 2C:F8:9B:C8:7E:16 2C:F8:9B:C8:7E:17 2C:F8:9B:C8:7E:14 2C:F8:9B:C8:7E:15 2C:F8:9B:C8:7E:12 2C:F8:9B:C8:7E:13 2C:F8:9B:C8:7E:10 2C:F8:9B:C8:7E:11 2C:F8:9B:C8:7E:05 2C:F8:9B:C8:7E:06 2C:F8:9B:C8:7E:03 2C:F8:9B:C8:7E:47 2C:F8:9B:C8:7E:04 2C:F8:9B:C8:7E:01 2C:F8:9B:C8:7E:02 2C:F8:9B:C8:7E:00 2C:F8:9B:C8:7E:29 2C:F8:9B:C8:7E:2E 2C:F8:9B:C8:7E:2F 2C:F8:9B:C8:7E:2C 2C:F8:9B:C8:7E:2D 2C:F8:9B:C8:7E:2A 2C:F8:9B:C8:7E:2B 2C:F8:9B:C8:7E:30 2C:F8:9B:C8:7E:31 2C:F8:9B:C8:7E:73 2C:F8:9B:C8:7E:70 2C:F8:9B:C8:7E:34 2C:F8:9B:C8:7E:32 2C:F8:9B:C8:7E:33 2C:F8:9B:C8:7E:18 2C:F8:9B:C8:7E:19 2C:F8:9B:C8:7E:1F 2C:F8:9B:C8:7E:1D 2C:F8:9B:C8:7E:1E 2C:F8:9B:C8:7E:1B 2C:F8:9B:C8:7E:1C 2C:F8:9B:C8:7E:1A 2C:F8:9B:C8:7E:20 2C:F8:9B:C8:7E:27 2C:F8:9B:C8:7E:28 2C:F8:9B:C8:7E:25 2C:F8:9B:C8:7E:26 2C:F8:9B:C8:7E:23 2C:F8:9B:C8:7E:24 2C:F8:9B:C8:7E:21 2C:F8:9B:C8:7E:22 | Y34: Policy Compliance | Z34: 0 | AA34: 0 | AD34: 0 | AE34: 0 | AI34: 2026-04-20T14:36:10.744Z | AJ34: 2026-04-20T14:42:23.901Z | AK34: null | AN34: template-80295fee-c9f5-bb4f-0422-3f46012f5e2bba99a3058425a248 | AO34: dda80223-7230-4f84-93c3-cc2b0802dfe9 | AP34: 2026-04-20T14:45:52.613Z | AQ34: 2026-04-20T14:40:07Z | AS34: TRUE | AT34: None | AU34: 0 | AV34: 0 | AX34: 39 | AY34: local | AZ34: $Revision: 1.887 $ | BB34: 2026-04-16T00:00:00Z | BC34: 2010-05-17T00:00:00Z | BD34: FALSE | BE34: FALSE | BF34: FALSE | BG34: FALSE | BH34: FALSE | BI34: FALSE | BJ34: FALSE | BK34: FALSE | BL34: FALSE | BM34: FALSE | BN34: FALSE | BO34: FALSE | BP34: FALSE | BR34: =IFERROR(IF(M34="PASSED",VLOOKUP(J34,Current!J56:BR116,1,FALSE)),N34) -> "1.0052 - NETIOS - Set 'login authentication for 'ip http: [PASSED]" If account management functions are not automatically enforced, an attacker could gain privileged access to a vital element of the network security architecture See Also: See HTH Policies and Standards Reference: NIST 800-53r5|AC-2(1) Policy Value: CONFIG_CHECK item: ^[ ]*ip http authentication (local|aaa_list_name) Actual Value: ip http authentication local <----
A35: 46689 | C35: 0 | D35: None | E35: hth2-ipflex-hth2-cube1.hilltop.systems | F35: tcp | G35: 0 | H35: Cisco IOS Compliance Checks | I35: Compliance checks for Cisco IOS devices. | J35: =MID($N35,FIND("1.",$N35),FIND("-",$N35)-FIND("1.",$N35)-1) -> 1.0053 | K35: =MID($N35,FIND("NETIOS - ",$N35)+8,FIND(":",$N35,40)-FIND("NETIOS - ",$N35)-8) -> Set 'aaa accounting' to log all privileged use commands using 'commands 15 | L35: =MID($N35,FIND("1.",$N35),FIND("[",$N35)-1-FIND("1.",$N35)-1) -> 1.0053 - NETIOS - Set 'aaa accounting' to log all privileged use commands using 'commands 15 | M35: =MID($N35,FIND("[",$N35)+1,FIND("]",$N35)-FIND("[",$N35)-1) -> PASSED | N35: "1.0053 - NETIOS - Set 'aaa accounting' to log all privileged use commands using 'commands 15: [PASSED]" Runs accounting for all commands at the specified privilege level. See Also: See HTH Policies and Standards Reference: NIST 800-53r5|AU-2 AU-3 AU-3(1) AU-7 AU-12 Policy Value: CONFIG_CHECK item: aaa accounting commands 15 [^ ]+ Actual Value: aaa accounting commands 15 default start-stop group ISE-TACACS <---- | O35: N/A | R35: 549e7be8-1405-4274-a37c-56853449b396 | T35: 10.2.166.4 | U35: hth2-ipflex-hth2-cube1.hilltop.systems | X35: A4:6C:2A:B4:73:81 A4:6C:2A:B4:73:82 A4:6C:2A:B4:73:80 | Y35: Policy Compliance | Z35: 0 | AA35: 0 | AD35: 0 | AE35: 0 | AI35: 2026-04-20T14:36:10.744Z | AJ35: 2026-04-20T14:42:23.901Z | AK35: null | AN35: template-80295fee-c9f5-bb4f-0422-3f46012f5e2bba99a3058425a248 | AO35: dda80223-7230-4f84-93c3-cc2b0802dfe9 | AP35: 2026-04-20T14:45:52.599Z | AQ35: 2026-04-20T14:42:12Z | AS35: TRUE | AT35: None | AU35: 0 | AV35: 0 | AX35: 39 | AY35: local | AZ35: $Revision: 1.887 $ | BB35: 2026-04-16T00:00:00Z | BC35: 2010-05-17T00:00:00Z | BD35: FALSE | BE35: FALSE | BF35: FALSE | BG35: FALSE | BH35: FALSE | BI35: FALSE | BJ35: FALSE | BK35: FALSE | BL35: FALSE | BM35: FALSE | BN35: FALSE | BO35: FALSE | BP35: FALSE | BR35: =IFERROR(IF(M35="PASSED",VLOOKUP(J35,Current!J57:BR117,1,FALSE)),N35) -> "1.0053 - NETIOS - Set 'aaa accounting' to log all privileged use commands using 'commands 15: [PASSED]" Runs accounting for all commands at the specified privilege level. See Also: See HTH Policies and Standards Reference: NIST 800-53r5|AU-2 AU-3 AU-3(1) AU-7 AU-12 Policy Value: CONFIG_CHECK item: aaa accounting commands 15 [^ ]+ Actual Value: aaa accounting commands 15 default start-stop group ISE-TACACS <----
A36: 46689 | C36: 0 | D36: High | E36: hth2-ipflex-hth2-cube1.hilltop.systems | F36: tcp | G36: 0 | H36: Cisco IOS Compliance Checks | I36: Compliance checks for Cisco IOS devices. | J36: =MID($N36,FIND("1.",$N36),FIND("-",$N36)-FIND("1.",$N36)-1) -> 1.0054 | K36: =MID($N36,FIND("NETIOS - ",$N36)+8,FIND(":",$N36,40)-FIND("NETIOS - ",$N36)-8) -> Set 'aaa accounting connection | L36: =MID($N36,FIND("1.",$N36),FIND("[",$N36)-1-FIND("1.",$N36)-1) -> 1.0054 - NETIOS - Set 'aaa accounting connection | M36: =MID($N36,FIND("[",$N36)+1,FIND("]",$N36)-FIND("[",$N36)-1) -> FAILED | N36: "1.0054 - NETIOS - Set 'aaa accounting connection: [FAILED]" Provides information about all outbound connections made from the network access server. See Also: See HTH Policies and Standards Reference: NIST 800-53r5|AC-2(1) Policy Value: CONFIG_CHECK item: aaa accounting connection [^ ]+ Actual Value: aaa accounting connection [^ ]+ not found in the configuration file | O36: N/A | R36: 549e7be8-1405-4274-a37c-56853449b396 | T36: 10.2.166.4 | U36: hth2-ipflex-hth2-cube1.hilltop.systems | X36: A4:6C:2A:B4:73:81 A4:6C:2A:B4:73:82 A4:6C:2A:B4:73:80 | Y36: Policy Compliance | Z36: 0 | AA36: 0 | AD36: 0 | AE36: 0 | AI36: 2026-04-20T14:36:10.744Z | AJ36: 2026-04-20T14:42:23.901Z | AK36: null | AN36: template-80295fee-c9f5-bb4f-0422-3f46012f5e2bba99a3058425a248 | AO36: dda80223-7230-4f84-93c3-cc2b0802dfe9 | AP36: 2026-04-20T14:45:52.601Z | AQ36: 2026-04-20T14:42:12Z | AS36: TRUE | AT36: None | AU36: 0 | AV36: 0 | AX36: 39 | AY36: local | AZ36: $Revision: 1.887 $ | BB36: 2026-04-16T00:00:00Z | BC36: 2010-05-17T00:00:00Z | BD36: FALSE | BE36: FALSE | BF36: FALSE | BG36: FALSE | BH36: FALSE | BI36: FALSE | BJ36: FALSE | BK36: FALSE | BL36: FALSE | BM36: FALSE | BN36: FALSE | BO36: FALSE | BP36: FALSE | BR36: =IFERROR(IF(M36="PASSED",VLOOKUP(J36,Current!J59:BR119,1,FALSE)),N36) -> FALSE
A37: 46689 | C37: 0 | D37: None | E37: hth2-ipflex-hth2-cube1.hilltop.systems | F37: tcp | G37: 0 | H37: Cisco IOS Compliance Checks | I37: Compliance checks for Cisco IOS devices. | J37: =MID($N37,FIND("1.",$N37),FIND("-",$N37)-FIND("1.",$N37)-1) -> 1.0055 | K37: =MID($N37,FIND("NETIOS - ",$N37)+8,FIND(":",$N37,40)-FIND("NETIOS - ",$N37)-8) -> Set 'aaa accounting exec | L37: =MID($N37,FIND("1.",$N37),FIND("[",$N37)-1-FIND("1.",$N37)-1) -> 1.0055 - NETIOS - Set 'aaa accounting exec | M37: =MID($N37,FIND("[",$N37)+1,FIND("]",$N37)-FIND("[",$N37)-1) -> PASSED | N37: "1.0055 - NETIOS - Set 'aaa accounting exec: [PASSED]" Runs accounting for the EXEC shell session. See Also: See HTH Policies and Standards Reference: NIST 800-53r5|AU-2 AU-3 AU-3(1) AU-7 AU-12 Policy Value: CONFIG_CHECK item: aaa accounting exec [^ ]+ Actual Value: aaa accounting exec default start-stop group ISE-TACACS <---- | O37: N/A | R37: 549e7be8-1405-4274-a37c-56853449b396 | T37: 10.2.166.4 | U37: hth2-ipflex-hth2-cube1.hilltop.systems | X37: A4:6C:2A:B4:73:81 A4:6C:2A:B4:73:82 A4:6C:2A:B4:73:80 | Y37: Policy Compliance | Z37: 0 | AA37: 0 | AD37: 0 | AE37: 0 | AI37: 2026-04-20T14:36:10.744Z | AJ37: 2026-04-20T14:42:23.901Z | AK37: null | AN37: template-80295fee-c9f5-bb4f-0422-3f46012f5e2bba99a3058425a248 | AO37: dda80223-7230-4f84-93c3-cc2b0802dfe9 | AP37: 2026-04-20T14:45:52.601Z | AQ37: 2026-04-20T14:42:12Z | AS37: TRUE | AT37: None | AU37: 0 | AV37: 0 | AX37: 39 | AY37: local | AZ37: $Revision: 1.887 $ | BB37: 2026-04-16T00:00:00Z | BC37: 2010-05-17T00:00:00Z | BD37: FALSE | BE37: FALSE | BF37: FALSE | BG37: FALSE | BH37: FALSE | BI37: FALSE | BJ37: FALSE | BK37: FALSE | BL37: FALSE | BM37: FALSE | BN37: FALSE | BO37: FALSE | BP37: FALSE | BR37: =IFERROR(IF(M37="PASSED",VLOOKUP(J37,Current!J61:BR121,1,FALSE)),N37) -> "1.0055 - NETIOS - Set 'aaa accounting exec: [PASSED]" Runs accounting for the EXEC shell session. See Also: See HTH Policies and Standards Reference: NIST 800-53r5|AU-2 AU-3 AU-3(1) AU-7 AU-12 Policy Value: CONFIG_CHECK item: aaa accounting exec [^ ]+ Actual Value: aaa accounting exec default start-stop group ISE-TACACS <----
A38: 46689 | C38: 0 | D38: High | E38: hth2-ipflex-hth2-cube1.hilltop.systems | F38: tcp | G38: 0 | H38: Cisco IOS Compliance Checks | I38: Compliance checks for Cisco IOS devices. | J38: =MID($N38,FIND("1.",$N38),FIND("-",$N38)-FIND("1.",$N38)-1) -> 1.0056 | K38: =MID($N38,FIND("NETIOS - ",$N38)+8,FIND(":",$N38,40)-FIND("NETIOS - ",$N38)-8) -> Set 'aaa accounting network | L38: =MID($N38,FIND("1.",$N38),FIND("[",$N38)-1-FIND("1.",$N38)-1) -> 1.0056 - NETIOS - Set 'aaa accounting network | M38: =MID($N38,FIND("[",$N38)+1,FIND("]",$N38)-FIND("[",$N38)-1) -> FAILED | N38: "1.0056 - NETIOS - Set 'aaa accounting network: [FAILED]" Runs accounting for all network-related service requests. See Also: See HTH Policies and Standards Reference: NIST 800-53r5|AU-2 AU-3 AU-3(1) AU-7 AU-12 Policy Value: CONFIG_CHECK item: aaa accounting network [^ ]+ Actual Value: aaa accounting network [^ ]+ not found in the configuration file | O38: N/A | R38: 549e7be8-1405-4274-a37c-56853449b396 | T38: 10.2.166.4 | U38: hth2-ipflex-hth2-cube1.hilltop.systems | X38: A4:6C:2A:B4:73:81 A4:6C:2A:B4:73:82 A4:6C:2A:B4:73:80 | Y38: Policy Compliance | Z38: 0 | AA38: 0 | AD38: 0 | AE38: 0 | AI38: 2026-04-20T14:36:10.744Z | AJ38: 2026-04-20T14:42:23.901Z | AK38: null | AN38: template-80295fee-c9f5-bb4f-0422-3f46012f5e2bba99a3058425a248 | AO38: dda80223-7230-4f84-93c3-cc2b0802dfe9 | AP38: 2026-04-20T14:45:52.581Z | AQ38: 2026-04-20T14:42:12Z | AS38: TRUE | AT38: None | AU38: 0 | AV38: 0 | AX38: 39 | AY38: local | AZ38: $Revision: 1.887 $ | BB38: 2026-04-16T00:00:00Z | BC38: 2010-05-17T00:00:00Z | BD38: FALSE | BE38: FALSE | BF38: FALSE | BG38: FALSE | BH38: FALSE | BI38: FALSE | BJ38: FALSE | BK38: FALSE | BL38: FALSE | BM38: FALSE | BN38: FALSE | BO38: FALSE | BP38: FALSE | BR38: =IFERROR(IF(M38="PASSED",VLOOKUP(J38,Current!J63:BR123,1,FALSE)),N38) -> FALSE
A39: 46689 | C39: 0 | D39: High | E39: hth2-ipflex-hth2-cube1.hilltop.systems | F39: tcp | G39: 0 | H39: Cisco IOS Compliance Checks | I39: Compliance checks for Cisco IOS devices. | J39: =MID($N39,FIND("1.",$N39),FIND("-",$N39)-FIND("1.",$N39)-1) -> 1.0057 | K39: =MID($N39,FIND("NETIOS - ",$N39)+8,FIND(":",$N39,40)-FIND("NETIOS - ",$N39)-8) -> Set 'exec-timeout' to less than or equal to 10 min on 'ip http | L39: =MID($N39,FIND("1.",$N39),FIND("[",$N39)-1-FIND("1.",$N39)-1) -> 1.0057 - NETIOS - Set 'exec-timeout' to less than or equal to 10 min on 'ip http | M39: =MID($N39,FIND("[",$N39)+1,FIND("]",$N39)-FIND("[",$N39)-1) -> FAILED | N39: "1.0057 - NETIOS - Set 'exec-timeout' to less than or equal to 10 min on 'ip http: [FAILED]" If no input is detected during the interval, the EXEC facility resumes the current connection. See Also: See HTH Policies and Standards Reference: NIST 800-53r5|SC-10 Policy Value: CONFIG_CHECK item: ^[ ]*ip http timeout-policy regex: ^[ ]*ip http timeout-policy idle ([1-9]|[1-9][0-9]|[1-5][0-9]{2}|600) life .+ requests .+ Actual Value: ^[ ]*ip http timeout-policy not found in the configuration file | O39: N/A | R39: 549e7be8-1405-4274-a37c-56853449b396 | T39: 10.2.166.4 | U39: hth2-ipflex-hth2-cube1.hilltop.systems | X39: A4:6C:2A:B4:73:81 A4:6C:2A:B4:73:82 A4:6C:2A:B4:73:80 | Y39: Policy Compliance | Z39: 0 | AA39: 0 | AD39: 0 | AE39: 0 | AI39: 2026-04-20T14:36:10.744Z | AJ39: 2026-04-20T14:42:23.901Z | AK39: null | AN39: template-80295fee-c9f5-bb4f-0422-3f46012f5e2bba99a3058425a248 | AO39: dda80223-7230-4f84-93c3-cc2b0802dfe9 | AP39: 2026-04-20T14:45:52.592Z | AQ39: 2026-04-20T14:42:12Z | AS39: TRUE | AT39: None | AU39: 0 | AV39: 0 | AX39: 39 | AY39: local | AZ39: $Revision: 1.887 $ | BB39: 2026-04-16T00:00:00Z | BC39: 2010-05-17T00:00:00Z | BD39: FALSE | BE39: FALSE | BF39: FALSE | BG39: FALSE | BH39: FALSE | BI39: FALSE | BJ39: FALSE | BK39: FALSE | BL39: FALSE | BM39: FALSE | BN39: FALSE | BO39: FALSE | BP39: FALSE | BR39: =IFERROR(IF(M39="PASSED",VLOOKUP(J39,Current!J65:BR125,1,FALSE)),N39) -> FALSE
A40: 46689 | C40: 0 | D40: None | E40: hth2-ipflex-hth2-cube1.hilltop.systems | F40: tcp | G40: 0 | H40: Cisco IOS Compliance Checks | I40: Compliance checks for Cisco IOS devices. | J40: =MID($N40,FIND("1.",$N40),FIND("-",$N40)-FIND("1.",$N40)-1) -> 1.0058 | K40: =MID($N40,FIND("NETIOS - ",$N40)+8,FIND(":",$N40,40)-FIND("NETIOS - ",$N40)-8) -> Set 'exec-timeout' to less than or equal to 10 minutes for 'line aux 0 | L40: =MID($N40,FIND("1.",$N40),FIND("[",$N40)-1-FIND("1.",$N40)-1) -> 1.0058 - NETIOS - Set 'exec-timeout' to less than or equal to 10 minutes for 'line aux 0 | M40: =MID($N40,FIND("[",$N40)+1,FIND("]",$N40)-FIND("[",$N40)-1) -> PASSED | N40: "1.0058 - NETIOS - Set 'exec-timeout' to less than or equal to 10 minutes for 'line aux 0: [PASSED]" If no input is detected during the interval, the EXEC facility resumes the current connection. See Also: See HTH Policies and Standards Reference: NIST 800-53r5|AC-2(5) AC-11 AC-11(1) AC-12 Policy Value: CONFIG_CHECK_NOT item: exec-timeout (1[1-9]|[2-9][0-9]|[0-9]{3,}) [0-9]+$ context: line aux 0 Actual Value: line aux 0 no exec Expected configuration: exec-timeout (1[1-9]|[2-9][0-9]|[0-9]{3,}) [0-9]+$ | O40: N/A | R40: 549e7be8-1405-4274-a37c-56853449b396 | T40: 10.2.166.4 | U40: hth2-ipflex-hth2-cube1.hilltop.systems | X40: A4:6C:2A:B4:73:81 A4:6C:2A:B4:73:82 A4:6C:2A:B4:73:80 | Y40: Policy Compliance | Z40: 0 | AA40: 0 | AD40: 0 | AE40: 0 | AI40: 2026-04-20T14:36:10.744Z | AJ40: 2026-04-20T14:42:23.901Z | AK40: null | AN40: template-80295fee-c9f5-bb4f-0422-3f46012f5e2bba99a3058425a248 | AO40: dda80223-7230-4f84-93c3-cc2b0802dfe9 | AP40: 2026-04-20T14:45:52.583Z | AQ40: 2026-04-20T14:42:12Z | AS40: TRUE | AT40: None | AU40: 0 | AV40: 0 | AX40: 39 | AY40: local | AZ40: $Revision: 1.887 $ | BB40: 2026-04-16T00:00:00Z | BC40: 2010-05-17T00:00:00Z | BD40: FALSE | BE40: FALSE | BF40: FALSE | BG40: FALSE | BH40: FALSE | BI40: FALSE | BJ40: FALSE | BK40: FALSE | BL40: FALSE | BM40: FALSE | BN40: FALSE | BO40: FALSE | BP40: FALSE | BR40: =IFERROR(IF(M40="PASSED",VLOOKUP(J40,Current!J67:BR127,1,FALSE)),N40) -> "1.0058 - NETIOS - Set 'exec-timeout' to less than or equal to 10 minutes for 'line aux 0: [PASSED]" If no input is detected during the interval, the EXEC facility resumes the current connection. See Also: See HTH Policies and Standards Reference: NIST 800-53r5|AC-2(5) AC-11 AC-11(1) AC-12 Policy Value: CONFIG_CHECK_NOT item: exec-timeout (1[1-9]|[2-9][0-9]|[0-9]{3,}) [0-9]+$ context: line aux 0 Actual Value: line aux 0 no exec Expected configuration: exec-timeout (1[1-9]|[2-9][0-9]|[0-9]{3,}) [0-9]+$
A41: 46689 | C41: 0 | D41: High | E41: hth2-ipflex-hth2-cube1.hilltop.systems | F41: tcp | G41: 0 | H41: Cisco IOS Compliance Checks | I41: Compliance checks for Cisco IOS devices. | J41: =MID($N41,FIND("1.",$N41),FIND("-",$N41)-FIND("1.",$N41)-1) -> 1.0059 | K41: =MID($N41,FIND("NETIOS - ",$N41)+8,FIND(":",$N41,40)-FIND("NETIOS - ",$N41)-8) -> Set 'http Secure-server' limit | L41: =MID($N41,FIND("1.",$N41),FIND("[",$N41)-1-FIND("1.",$N41)-1) -> 1.0059 - NETIOS - Set 'http Secure-server' limit | M41: =MID($N41,FIND("[",$N41)+1,FIND("]",$N41)-FIND("[",$N41)-1) -> FAILED | N41: "1.0059 - NETIOS - Set 'http Secure-server' limit: [FAILED]" Device management includes the ability to control the number of administrators and management sessions that manage a device. See Also: See HTH Policies and Standards Reference: NIST 800-53r5|AC-10 Policy Value: CONFIG_CHECK item: ^[ ]*ip http max-connections 2 Actual Value: ^[ ]*ip http max-connections 2 not found in the configuration file | O41: N/A | R41: 549e7be8-1405-4274-a37c-56853449b396 | T41: 10.2.166.4 | U41: hth2-ipflex-hth2-cube1.hilltop.systems | X41: A4:6C:2A:B4:73:81 A4:6C:2A:B4:73:82 A4:6C:2A:B4:73:80 | Y41: Policy Compliance | Z41: 0 | AA41: 0 | AD41: 0 | AE41: 0 | AI41: 2026-04-20T14:36:10.744Z | AJ41: 2026-04-20T14:42:23.901Z | AK41: null | AN41: template-80295fee-c9f5-bb4f-0422-3f46012f5e2bba99a3058425a248 | AO41: dda80223-7230-4f84-93c3-cc2b0802dfe9 | AP41: 2026-04-20T14:45:52.597Z | AQ41: 2026-04-20T14:42:12Z | AS41: TRUE | AT41: None | AU41: 0 | AV41: 0 | AX41: 39 | AY41: local | AZ41: $Revision: 1.887 $ | BB41: 2026-04-16T00:00:00Z | BC41: 2010-05-17T00:00:00Z | BD41: FALSE | BE41: FALSE | BF41: FALSE | BG41: FALSE | BH41: FALSE | BI41: FALSE | BJ41: FALSE | BK41: FALSE | BL41: FALSE | BM41: FALSE | BN41: FALSE | BO41: FALSE | BP41: FALSE | BR41: =IFERROR(IF(M41="PASSED",VLOOKUP(J41,Current!J69:BR129,1,FALSE)),N41) -> FALSE
A42: 46689 | C42: 0 | D42: High | E42: hth2-ipflex-hth2-cube1.hilltop.systems | F42: tcp | G42: 0 | H42: Cisco IOS Compliance Checks | I42: Compliance checks for Cisco IOS devices. | J42: =MID($N42,FIND("1.",$N42),FIND("-",$N42)-FIND("1.",$N42)-1) -> 1.0060 | K42: =MID($N42,FIND("NETIOS - ",$N42)+8,FIND(":",$N42,40)-FIND("NETIOS - ",$N42)-8) -> Set the 'banner-text' for 'webauth banner | L42: =MID($N42,FIND("1.",$N42),FIND("[",$N42)-1-FIND("1.",$N42)-1) -> 1.0060 - NETIOS - Set the 'banner-text' for 'webauth banner | M42: =MID($N42,FIND("[",$N42)+1,FIND("]",$N42)-FIND("[",$N42)-1) -> FAILED | N42: "1.0060 - NETIOS - Set the 'banner-text' for 'webauth banner: [FAILED]" This banner is displayed to all terminals connected and is useful for sending messages that affect all users (such as impending system shutdowns). See Also: See HTH Policies and Standards Reference: NIST 800-53r5|AT-1 AT-2 PM-13 Policy Value: CONFIG_CHECK item: ^[ ]*ip admission auth-proxy-banner http .+ Actual Value: ^[ ]*ip admission auth-proxy-banner http .+ not found in the configuration file | O42: N/A | R42: 549e7be8-1405-4274-a37c-56853449b396 | T42: 10.2.166.4 | U42: hth2-ipflex-hth2-cube1.hilltop.systems | X42: A4:6C:2A:B4:73:81 A4:6C:2A:B4:73:82 A4:6C:2A:B4:73:80 | Y42: Policy Compliance | Z42: 0 | AA42: 0 | AD42: 0 | AE42: 0 | AI42: 2026-04-20T14:36:10.744Z | AJ42: 2026-04-20T14:42:23.901Z | AK42: null | AN42: template-80295fee-c9f5-bb4f-0422-3f46012f5e2bba99a3058425a248 | AO42: dda80223-7230-4f84-93c3-cc2b0802dfe9 | AP42: 2026-04-20T14:45:52.599Z | AQ42: 2026-04-20T14:42:12Z | AS42: TRUE | AT42: None | AU42: 0 | AV42: 0 | AX42: 39 | AY42: local | AZ42: $Revision: 1.887 $ | BB42: 2026-04-16T00:00:00Z | BC42: 2010-05-17T00:00:00Z | BD42: FALSE | BE42: FALSE | BF42: FALSE | BG42: FALSE | BH42: FALSE | BI42: FALSE | BJ42: FALSE | BK42: FALSE | BL42: FALSE | BM42: FALSE | BN42: FALSE | BO42: FALSE | BP42: FALSE | BR42: =IFERROR(IF(M42="PASSED",VLOOKUP(J42,Current!J71:BR131,1,FALSE)),N42) -> FALSE
A43: 46689 | C43: 0 | D43: High | E43: hth2-ipflex-hth2-cube1.hilltop.systems | F43: tcp | G43: 0 | H43: Cisco IOS Compliance Checks | I43: Compliance checks for Cisco IOS devices. | J43: =MID($N43,FIND("1.",$N43),FIND("-",$N43)-FIND("1.",$N43)-1) -> 1.0061 | K43: =MID($N43,FIND("NETIOS - ",$N43)+8,FIND(":",$N43,40)-FIND("NETIOS - ",$N43)-8) -> Require 'aes 128' as minimum for 'snmp-server user' when using SNMPv3 | L43: =MID($N43,FIND("1.",$N43),FIND("[",$N43)-1-FIND("1.",$N43)-1) -> 1.0061 - NETIOS - Require 'aes 128' as minimum for 'snmp-server user' when using SNMPv3 | M43: =MID($N43,FIND("[",$N43)+1,FIND("]",$N43)-FIND("[",$N43)-1) -> FAILED | N43: "1.0061 - NETIOS - Require 'aes 128' as minimum for 'snmp-server user' when using SNMPv3: [FAILED]" Specify the use of a minimum of 128-bit AES algorithm for encryption when using SNMPv3. See Also: See HTH Policies and Standards Reference: NIST 800-53r5|IA-2(1) Policy Value: CONFIG_CHECK item: Privacy Protocol: AES128 Actual Value: Privacy Protocol: AES128 not found in the configuration file | O43: N/A | R43: 549e7be8-1405-4274-a37c-56853449b396 | T43: 10.2.166.4 | U43: hth2-ipflex-hth2-cube1.hilltop.systems | X43: A4:6C:2A:B4:73:81 A4:6C:2A:B4:73:82 A4:6C:2A:B4:73:80 | Y43: Policy Compliance | Z43: 0 | AA43: 0 | AD43: 0 | AE43: 0 | AI43: 2026-04-20T14:36:10.744Z | AJ43: 2026-04-20T14:42:23.901Z | AK43: null | AN43: template-80295fee-c9f5-bb4f-0422-3f46012f5e2bba99a3058425a248 | AO43: dda80223-7230-4f84-93c3-cc2b0802dfe9 | AP43: 2026-04-20T14:45:52.600Z | AQ43: 2026-04-20T14:42:12Z | AS43: TRUE | AT43: None | AU43: 0 | AV43: 0 | AX43: 39 | AY43: local | AZ43: $Revision: 1.887 $ | BB43: 2026-04-16T00:00:00Z | BC43: 2010-05-17T00:00:00Z | BD43: FALSE | BE43: FALSE | BF43: FALSE | BG43: FALSE | BH43: FALSE | BI43: FALSE | BJ43: FALSE | BK43: FALSE | BL43: FALSE | BM43: FALSE | BN43: FALSE | BO43: FALSE | BP43: FALSE | BR43: =IFERROR(IF(M43="PASSED",VLOOKUP(J43,Current!J73:BR133,1,FALSE)),N43) -> FALSE
A44: 46689 | C44: 0 | D44: High | E44: hth2-ipflex-hth2-cube1.hilltop.systems | F44: tcp | G44: 0 | H44: Cisco IOS Compliance Checks | I44: Compliance checks for Cisco IOS devices. | J44: =MID($N44,FIND("1.",$N44),FIND("-",$N44)-FIND("1.",$N44)-1) -> 1.0062 | K44: =MID($N44,FIND("NETIOS - ",$N44)+8,FIND(":",$N44,40)-FIND("NETIOS - ",$N44)-8) -> Set 'priv' for each 'snmp-server group' using SNMPv3 | L44: =MID($N44,FIND("1.",$N44),FIND("[",$N44)-1-FIND("1.",$N44)-1) -> 1.0062 - NETIOS - Set 'priv' for each 'snmp-server group' using SNMPv3 | M44: =MID($N44,FIND("[",$N44)+1,FIND("]",$N44)-FIND("[",$N44)-1) -> FAILED | N44: "1.0062 - NETIOS - Set 'priv' for each 'snmp-server group' using SNMPv3: [FAILED]" Specifies authentication of a packet with encryption when using SNMPv3 See Also: See HTH Policies and Standards Reference: NIST 800-53r5|IA-2(1) Policy Value: CONFIG_CHECK item: snmp-server group .+ v3 regex: snmp-server group .+ v3 priv Actual Value: snmp-server group CSNTCSNMPv3Group v3 auth snmp-server group CSNTCSNMPv3Group v3 priv read CSNTCSNMPv3View <---- snmp-server group NetBrainSNMPv3Group v3 priv read NetBrainSNMPv3View write NetBrainSNMPv3View <---- snmp-server group LogicMonSNMPv3User-HTH-a1 v3 auth snmp-server group NetBrainSNMPv3User-HTH-a1 v3 auth | O44: N/A | R44: 549e7be8-1405-4274-a37c-56853449b396 | T44: 10.2.166.4 | U44: hth2-ipflex-hth2-cube1.hilltop.systems | X44: A4:6C:2A:B4:73:81 A4:6C:2A:B4:73:82 A4:6C:2A:B4:73:80 | Y44: Policy Compliance | Z44: 0 | AA44: 0 | AD44: 0 | AE44: 0 | AI44: 2026-04-20T14:36:10.744Z | AJ44: 2026-04-20T14:42:23.901Z | AK44: null | AN44: template-80295fee-c9f5-bb4f-0422-3f46012f5e2bba99a3058425a248 | AO44: dda80223-7230-4f84-93c3-cc2b0802dfe9 | AP44: 2026-04-20T14:45:52.591Z | AQ44: 2026-04-20T14:42:12Z | AS44: TRUE | AT44: None | AU44: 0 | AV44: 0 | AX44: 39 | AY44: local | AZ44: $Revision: 1.887 $ | BB44: 2026-04-16T00:00:00Z | BC44: 2010-05-17T00:00:00Z | BD44: FALSE | BE44: FALSE | BF44: FALSE | BG44: FALSE | BH44: FALSE | BI44: FALSE | BJ44: FALSE | BK44: FALSE | BL44: FALSE | BM44: FALSE | BN44: FALSE | BO44: FALSE | BP44: FALSE | BR44: =IFERROR(IF(M44="PASSED",VLOOKUP(J44,Current!J75:BR135,1,FALSE)),N44) -> FALSE
A45: 46689 | C45: 0 | D45: None | E45: hth2-ipflex-hth2-cube1.hilltop.systems | F45: tcp | G45: 0 | H45: Cisco IOS Compliance Checks | I45: Compliance checks for Cisco IOS devices. | J45: =MID($N45,FIND("1.",$N45),FIND("-",$N45)-FIND("1.",$N45)-1) -> 1.0063 | K45: =MID($N45,FIND("NETIOS - ",$N45)+8,FIND(":",$N45,40)-FIND("NETIOS - ",$N45)-8) -> Set maximum value for 'ip ssh authentication-retries | L45: =MID($N45,FIND("1.",$N45),FIND("[",$N45)-1-FIND("1.",$N45)-1) -> 1.0063 - NETIOS - Set maximum value for 'ip ssh authentication-retries | M45: =MID($N45,FIND("[",$N45)+1,FIND("]",$N45)-FIND("[",$N45)-1) -> PASSED | N45: "1.0063 - NETIOS - Set maximum value for 'ip ssh authentication-retries: [PASSED]" The number of retries before the SSH login session disconnects. See Also: See HTH Policies and Standards Reference: NIST 800-53r5|IA-2(1) Policy Value: CONFIG_CHECK_NOT item: ip ssh authentication-retries ([4-9]|[1-9][0-9]+)$ Actual Value: ip ssh authentication-retries ([4-9]|[1-9][0-9]+)$ not found in the configuration file | O45: N/A | R45: 549e7be8-1405-4274-a37c-56853449b396 | T45: 10.2.166.4 | U45: hth2-ipflex-hth2-cube1.hilltop.systems | X45: A4:6C:2A:B4:73:81 A4:6C:2A:B4:73:82 A4:6C:2A:B4:73:80 | Y45: Policy Compliance | Z45: 0 | AA45: 0 | AD45: 0 | AE45: 0 | AI45: 2026-04-20T14:36:10.744Z | AJ45: 2026-04-20T14:42:23.901Z | AK45: null | AN45: template-80295fee-c9f5-bb4f-0422-3f46012f5e2bba99a3058425a248 | AO45: dda80223-7230-4f84-93c3-cc2b0802dfe9 | AP45: 2026-04-20T14:45:52.598Z | AQ45: 2026-04-20T14:42:12Z | AS45: TRUE | AT45: None | AU45: 0 | AV45: 0 | AX45: 39 | AY45: local | AZ45: $Revision: 1.887 $ | BB45: 2026-04-16T00:00:00Z | BC45: 2010-05-17T00:00:00Z | BD45: FALSE | BE45: FALSE | BF45: FALSE | BG45: FALSE | BH45: FALSE | BI45: FALSE | BJ45: FALSE | BK45: FALSE | BL45: FALSE | BM45: FALSE | BN45: FALSE | BO45: FALSE | BP45: FALSE | BR45: =IFERROR(IF(M45="PASSED",VLOOKUP(J45,Current!J77:BR137,1,FALSE)),N45) -> "1.0063 - NETIOS - Set maximum value for 'ip ssh authentication-retries: [PASSED]" The number of retries before the SSH login session disconnects. See Also: See HTH Policies and Standards Reference: NIST 800-53r5|IA-2(1) Policy Value: CONFIG_CHECK_NOT item: ip ssh authentication-retries ([4-9]|[1-9][0-9]+)$ Actual Value: ip ssh authentication-retries ([4-9]|[1-9][0-9]+)$ not found in the configuration file
A46: 46689 | C46: 0 | D46: High | E46: hth2-ipflex-hth2-cube1.hilltop.systems | F46: tcp | G46: 0 | H46: Cisco IOS Compliance Checks | I46: Compliance checks for Cisco IOS devices. | J46: =MID($N46,FIND("1.",$N46),FIND("-",$N46)-FIND("1.",$N46)-1) -> 1.0064 | K46: =MID($N46,FIND("NETIOS - ",$N46)+8,FIND(":",$N46,40)-FIND("NETIOS - ",$N46)-8) -> Set 'logging enable: [FAILED]" Enable logging of system messages. See Also | L46: =MID($N46,FIND("1.",$N46),FIND("[",$N46)-1-FIND("1.",$N46)-1) -> 1.0064 - NETIOS - Set 'logging enable | M46: =MID($N46,FIND("[",$N46)+1,FIND("]",$N46)-FIND("[",$N46)-1) -> FAILED | N46: "1.0064 - NETIOS - Set 'logging enable: [FAILED]" Enable logging of system messages. See Also: See HTH Policies and Standards Reference: NIST 800-53r5|AU-3 AU-3(1) AU-7 AU-12 Policy Value: CONFIG_CHECK item: logging enable context: archive Actual Value: archive not found in the configuration file | O46: N/A | R46: 549e7be8-1405-4274-a37c-56853449b396 | T46: 10.2.166.4 | U46: hth2-ipflex-hth2-cube1.hilltop.systems | X46: A4:6C:2A:B4:73:81 A4:6C:2A:B4:73:82 A4:6C:2A:B4:73:80 | Y46: Policy Compliance | Z46: 0 | AA46: 0 | AD46: 0 | AE46: 0 | AI46: 2026-04-20T14:36:10.744Z | AJ46: 2026-04-20T14:42:23.901Z | AK46: null | AN46: template-80295fee-c9f5-bb4f-0422-3f46012f5e2bba99a3058425a248 | AO46: dda80223-7230-4f84-93c3-cc2b0802dfe9 | AP46: 2026-04-20T14:45:52.580Z | AQ46: 2026-04-20T14:42:12Z | AS46: TRUE | AT46: None | AU46: 0 | AV46: 0 | AX46: 39 | AY46: local | AZ46: $Revision: 1.887 $ | BB46: 2026-04-16T00:00:00Z | BC46: 2010-05-17T00:00:00Z | BD46: FALSE | BE46: FALSE | BF46: FALSE | BG46: FALSE | BH46: FALSE | BI46: FALSE | BJ46: FALSE | BK46: FALSE | BL46: FALSE | BM46: FALSE | BN46: FALSE | BO46: FALSE | BP46: FALSE | BR46: =IFERROR(IF(M46="PASSED",VLOOKUP(J46,Current!J79:BR139,1,FALSE)),N46) -> FALSE
A47: 46689 | C47: 0 | D47: High | E47: hth2-ipflex-hth2-cube1.hilltop.systems | F47: tcp | G47: 0 | H47: Cisco IOS Compliance Checks | I47: Compliance checks for Cisco IOS devices. | J47: =MID($N47,FIND("1.",$N47),FIND("-",$N47)-FIND("1.",$N47)-1) -> 1.0065 | K47: =MID($N47,FIND("NETIOS - ",$N47)+8,FIND(":",$N47,40)-FIND("NETIOS - ",$N47)-8) -> Set 'login success/failure logging | L47: =MID($N47,FIND("1.",$N47),FIND("[",$N47)-1-FIND("1.",$N47)-1) -> 1.0065 - NETIOS - Set 'login success/failure logging | M47: =MID($N47,FIND("[",$N47)+1,FIND("]",$N47)-FIND("[",$N47)-1) -> FAILED | N47: "1.0065 - NETIOS - Set 'login success/failure logging: [FAILED]" Without generating audit records that are specific to the security and mission needs of the organization, it would be difficult to establish, correlate, and investigate the events relating to an incident or identify those responsible for one. See Also: See HTH Policies and Standards Reference: NIST 800-53r5|AU-3 AU-3(1) AU-7 AU-12 Policy Value: CONFIG_CHECK item: login on-(failure|success) log Actual Value: login on-(failure|success) log not found in the configuration file | O47: N/A | R47: 549e7be8-1405-4274-a37c-56853449b396 | T47: 10.2.166.4 | U47: hth2-ipflex-hth2-cube1.hilltop.systems | X47: A4:6C:2A:B4:73:81 A4:6C:2A:B4:73:82 A4:6C:2A:B4:73:80 | Y47: Policy Compliance | Z47: 0 | AA47: 0 | AD47: 0 | AE47: 0 | AI47: 2026-04-20T14:36:10.744Z | AJ47: 2026-04-20T14:42:23.901Z | AK47: null | AN47: template-80295fee-c9f5-bb4f-0422-3f46012f5e2bba99a3058425a248 | AO47: dda80223-7230-4f84-93c3-cc2b0802dfe9 | AP47: 2026-04-20T14:45:52.581Z | AQ47: 2026-04-20T14:42:12Z | AS47: TRUE | AT47: None | AU47: 0 | AV47: 0 | AX47: 39 | AY47: local | AZ47: $Revision: 1.887 $ | BB47: 2026-04-16T00:00:00Z | BC47: 2010-05-17T00:00:00Z | BD47: FALSE | BE47: FALSE | BF47: FALSE | BG47: FALSE | BH47: FALSE | BI47: FALSE | BJ47: FALSE | BK47: FALSE | BL47: FALSE | BM47: FALSE | BN47: FALSE | BO47: FALSE | BP47: FALSE | BR47: =IFERROR(IF(M47="PASSED",VLOOKUP(J47,Current!J81:BR141,1,FALSE)),N47) -> FALSE
A48: 46689 | C48: 0 | D48: None | E48: wc-harwd-sa-3202-image | F48: tcp | G48: 0 | H48: Cisco IOS Compliance Checks | I48: Compliance checks for Cisco IOS devices. | J48: =MID($N48,FIND("1.",$N48),FIND("-",$N48)-FIND("1.",$N48)-1) -> 1.0065 | K48: =MID($N48,FIND("NETIOS - ",$N48)+8,FIND(":",$N48,40)-FIND("NETIOS - ",$N48)-8) -> Set 'login success/failure logging | L48: =MID($N48,FIND("1.",$N48),FIND("[",$N48)-1-FIND("1.",$N48)-1) -> 1.0065 - NETIOS - Set 'login success/failure logging | M48: =MID($N48,FIND("[",$N48)+1,FIND("]",$N48)-FIND("[",$N48)-1) -> PASSED | N48: "1.0065 - NETIOS - Set 'login success/failure logging: [PASSED]" Without generating audit records that are specific to the security and mission needs of the organization, it would be difficult to establish, correlate, and investigate the events relating to an incident or identify those responsible for one. See Also: See HTH Policies and Standards Reference: NIST 800-53r5|AU-3 AU-3(1) AU-7 AU-12 Policy Value: CONFIG_CHECK item: login on-(failure|success) log Actual Value: login on-failure log <---- login on-success log <---- | O48: N/A | R48: ed63f2e6-8ee8-4077-bff4-4307d8534492 | T48: 10.132.172.254 | U48: wc-harwd-sa-3202-image | X48: 2C:F8:9B:C8:7E:09 2C:F8:9B:C8:7E:07 2C:F8:9B:C8:7E:08 2C:F8:9B:C8:7E:0E 2C:F8:9B:C8:7E:0F 2C:F8:9B:C8:7E:0C 2C:F8:9B:C8:7E:0D 2C:F8:9B:C8:7E:0A 2C:F8:9B:C8:7E:0B 2C:F8:9B:C8:7E:16 2C:F8:9B:C8:7E:17 2C:F8:9B:C8:7E:14 2C:F8:9B:C8:7E:15 2C:F8:9B:C8:7E:12 2C:F8:9B:C8:7E:13 2C:F8:9B:C8:7E:10 2C:F8:9B:C8:7E:11 2C:F8:9B:C8:7E:05 2C:F8:9B:C8:7E:06 2C:F8:9B:C8:7E:03 2C:F8:9B:C8:7E:47 2C:F8:9B:C8:7E:04 2C:F8:9B:C8:7E:01 2C:F8:9B:C8:7E:02 2C:F8:9B:C8:7E:00 2C:F8:9B:C8:7E:29 2C:F8:9B:C8:7E:2E 2C:F8:9B:C8:7E:2F 2C:F8:9B:C8:7E:2C 2C:F8:9B:C8:7E:2D 2C:F8:9B:C8:7E:2A 2C:F8:9B:C8:7E:2B 2C:F8:9B:C8:7E:30 2C:F8:9B:C8:7E:31 2C:F8:9B:C8:7E:73 2C:F8:9B:C8:7E:70 2C:F8:9B:C8:7E:34 2C:F8:9B:C8:7E:32 2C:F8:9B:C8:7E:33 2C:F8:9B:C8:7E:18 2C:F8:9B:C8:7E:19 2C:F8:9B:C8:7E:1F 2C:F8:9B:C8:7E:1D 2C:F8:9B:C8:7E:1E 2C:F8:9B:C8:7E:1B 2C:F8:9B:C8:7E:1C 2C:F8:9B:C8:7E:1A 2C:F8:9B:C8:7E:20 2C:F8:9B:C8:7E:27 2C:F8:9B:C8:7E:28 2C:F8:9B:C8:7E:25 2C:F8:9B:C8:7E:26 2C:F8:9B:C8:7E:23 2C:F8:9B:C8:7E:24 2C:F8:9B:C8:7E:21 2C:F8:9B:C8:7E:22 | Y48: Policy Compliance | Z48: 0 | AA48: 0 | AD48: 0 | AE48: 0 | AI48: 2026-04-20T14:36:10.744Z | AJ48: 2026-04-20T14:42:23.901Z | AK48: null | AN48: template-80295fee-c9f5-bb4f-0422-3f46012f5e2bba99a3058425a248 | AO48: dda80223-7230-4f84-93c3-cc2b0802dfe9 | AP48: 2026-04-20T14:45:52.626Z | AQ48: 2026-04-20T14:40:07Z | AS48: TRUE | AT48: None | AU48: 0 | AV48: 0 | AX48: 39 | AY48: local | AZ48: $Revision: 1.887 $ | BB48: 2026-04-16T00:00:00Z | BC48: 2010-05-17T00:00:00Z | BD48: FALSE | BE48: FALSE | BF48: FALSE | BG48: FALSE | BH48: FALSE | BI48: FALSE | BJ48: FALSE | BK48: FALSE | BL48: FALSE | BM48: FALSE | BN48: FALSE | BO48: FALSE | BP48: FALSE | BR48: =IFERROR(IF(M48="PASSED",VLOOKUP(J48,Current!J82:BR142,1,FALSE)),N48) -> "1.0065 - NETIOS - Set 'login success/failure logging: [PASSED]" Without generating audit records that are specific to the security and mission needs of the organization, it would be difficult to establish, correlate, and investigate the events relating to an incident or identify those responsible for one. See Also: See HTH Policies and Standards Reference: NIST 800-53r5|AU-3 AU-3(1) AU-7 AU-12 Policy Value: CONFIG_CHECK item: login on-(failure|success) log Actual Value: login on-failure log <---- login on-success log <----
A49: 46689 | C49: 0 | D49: High | E49: hth2-ipflex-hth2-cube1.hilltop.systems | F49: tcp | G49: 0 | H49: Cisco IOS Compliance Checks | I49: Compliance checks for Cisco IOS devices. | J49: =MID($N49,FIND("1.",$N49),FIND("-",$N49)-FIND("1.",$N49)-1) -> 1.0066 | K49: =MID($N49,FIND("NETIOS - ",$N49)+8,FIND(":",$N49,40)-FIND("NETIOS - ",$N49)-8) -> Set 'ntp authenticate | L49: =MID($N49,FIND("1.",$N49),FIND("[",$N49)-1-FIND("1.",$N49)-1) -> 1.0066 - NETIOS - Set 'ntp authenticate | M49: =MID($N49,FIND("[",$N49)+1,FIND("]",$N49)-FIND("[",$N49)-1) -> FAILED | N49: "1.0066 - NETIOS - Set 'ntp authenticate: [FAILED]" Enable NTP authentication. See Also: See HTH Policies and Standards Reference: NIST 800-53r5|AU-7 AU-8 Policy Value: CONFIG_CHECK item: ntp authenticate Actual Value: ntp authenticate not found in the configuration file | O49: N/A | R49: 549e7be8-1405-4274-a37c-56853449b396 | T49: 10.2.166.4 | U49: hth2-ipflex-hth2-cube1.hilltop.systems | X49: A4:6C:2A:B4:73:81 A4:6C:2A:B4:73:82 A4:6C:2A:B4:73:80 | Y49: Policy Compliance | Z49: 0 | AA49: 0 | AD49: 0 | AE49: 0 | AI49: 2026-04-20T14:36:10.744Z | AJ49: 2026-04-20T14:42:23.901Z | AK49: null | AN49: template-80295fee-c9f5-bb4f-0422-3f46012f5e2bba99a3058425a248 | AO49: dda80223-7230-4f84-93c3-cc2b0802dfe9 | AP49: 2026-04-20T14:45:52.592Z | AQ49: 2026-04-20T14:42:12Z | AS49: TRUE | AT49: None | AU49: 0 | AV49: 0 | AX49: 39 | AY49: local | AZ49: $Revision: 1.887 $ | BB49: 2026-04-16T00:00:00Z | BC49: 2010-05-17T00:00:00Z | BD49: FALSE | BE49: FALSE | BF49: FALSE | BG49: FALSE | BH49: FALSE | BI49: FALSE | BJ49: FALSE | BK49: FALSE | BL49: FALSE | BM49: FALSE | BN49: FALSE | BO49: FALSE | BP49: FALSE | BR49: =IFERROR(IF(M49="PASSED",VLOOKUP(J49,Current!J83:BR143,1,FALSE)),N49) -> FALSE
A50: 46689 | C50: 0 | D50: High | E50: hth2-ipflex-hth2-cube1.hilltop.systems | F50: tcp | G50: 0 | H50: Cisco IOS Compliance Checks | I50: Compliance checks for Cisco IOS devices. | J50: =MID($N50,FIND("1.",$N50),FIND("-",$N50)-FIND("1.",$N50)-1) -> 1.0067 | K50: =MID($N50,FIND("NETIOS - ",$N50)+8,FIND(":",$N50,40)-FIND("NETIOS - ",$N50)-8) -> Set 'ntp authentication-key | L50: =MID($N50,FIND("1.",$N50),FIND("[",$N50)-1-FIND("1.",$N50)-1) -> 1.0067 - NETIOS - Set 'ntp authentication-key | M50: =MID($N50,FIND("[",$N50)+1,FIND("]",$N50)-FIND("[",$N50)-1) -> FAILED | N50: "1.0067 - NETIOS - Set 'ntp authentication-key: [FAILED]" Define an authentication key for Network Time Protocol (NTP). See Also: See HTH Policies and Standards Reference: NIST 800-53r5|AU-7 AU-8 Policy Value: CONFIG_CHECK item: ntp authentication-key Actual Value: ntp authentication-key not found in the configuration file | O50: N/A | R50: 549e7be8-1405-4274-a37c-56853449b396 | T50: 10.2.166.4 | U50: hth2-ipflex-hth2-cube1.hilltop.systems | X50: A4:6C:2A:B4:73:81 A4:6C:2A:B4:73:82 A4:6C:2A:B4:73:80 | Y50: Policy Compliance | Z50: 0 | AA50: 0 | AD50: 0 | AE50: 0 | AI50: 2026-04-20T14:36:10.744Z | AJ50: 2026-04-20T14:42:23.901Z | AK50: null | AN50: template-80295fee-c9f5-bb4f-0422-3f46012f5e2bba99a3058425a248 | AO50: dda80223-7230-4f84-93c3-cc2b0802dfe9 | AP50: 2026-04-20T14:45:52.582Z | AQ50: 2026-04-20T14:42:12Z | AS50: TRUE | AT50: None | AU50: 0 | AV50: 0 | AX50: 39 | AY50: local | AZ50: $Revision: 1.887 $ | BB50: 2026-04-16T00:00:00Z | BC50: 2010-05-17T00:00:00Z | BD50: FALSE | BE50: FALSE | BF50: FALSE | BG50: FALSE | BH50: FALSE | BI50: FALSE | BJ50: FALSE | BK50: FALSE | BL50: FALSE | BM50: FALSE | BN50: FALSE | BO50: FALSE | BP50: FALSE | BR50: =IFERROR(IF(M50="PASSED",VLOOKUP(J50,Current!J85:BR145,1,FALSE)),N50) -> FALSE
A51: 46689 | C51: 0 | D51: High | E51: hth2-ipflex-hth2-cube1.hilltop.systems | F51: tcp | G51: 0 | H51: Cisco IOS Compliance Checks | I51: Compliance checks for Cisco IOS devices. | J51: =MID($N51,FIND("1.",$N51),FIND("-",$N51)-FIND("1.",$N51)-1) -> 1.0068 | K51: =MID($N51,FIND("NETIOS - ",$N51)+8,FIND(":",$N51,40)-FIND("NETIOS - ",$N51)-8) -> Set the 'ntp trusted-key | L51: =MID($N51,FIND("1.",$N51),FIND("[",$N51)-1-FIND("1.",$N51)-1) -> 1.0068 - NETIOS - Set the 'ntp trusted-key | M51: =MID($N51,FIND("[",$N51)+1,FIND("]",$N51)-FIND("[",$N51)-1) -> FAILED | N51: "1.0068 - NETIOS - Set the 'ntp trusted-key: [FAILED]" Ensure you authenticate the identity of a system to which Network Time Protocol (NTP) will synchronize See Also: See HTH Policies and Standards Reference: NIST 800-53r5|AU-7 AU-8 Policy Value: CONFIG_CHECK item: ntp trusted-key .+ regex: ntp trusted-key 1 Actual Value: ntp trusted-key .+ not found in the configuration file | O51: N/A | R51: 549e7be8-1405-4274-a37c-56853449b396 | T51: 10.2.166.4 | U51: hth2-ipflex-hth2-cube1.hilltop.systems | X51: A4:6C:2A:B4:73:81 A4:6C:2A:B4:73:82 A4:6C:2A:B4:73:80 | Y51: Policy Compliance | Z51: 0 | AA51: 0 | AD51: 0 | AE51: 0 | AI51: 2026-04-20T14:36:10.744Z | AJ51: 2026-04-20T14:42:23.901Z | AK51: null | AN51: template-80295fee-c9f5-bb4f-0422-3f46012f5e2bba99a3058425a248 | AO51: dda80223-7230-4f84-93c3-cc2b0802dfe9 | AP51: 2026-04-20T14:45:52.580Z | AQ51: 2026-04-20T14:42:12Z | AS51: TRUE | AT51: None | AU51: 0 | AV51: 0 | AX51: 39 | AY51: local | AZ51: $Revision: 1.887 $ | BB51: 2026-04-16T00:00:00Z | BC51: 2010-05-17T00:00:00Z | BD51: FALSE | BE51: FALSE | BF51: FALSE | BG51: FALSE | BH51: FALSE | BI51: FALSE | BJ51: FALSE | BK51: FALSE | BL51: FALSE | BM51: FALSE | BN51: FALSE | BO51: FALSE | BP51: FALSE | BR51: =IFERROR(IF(M51="PASSED",VLOOKUP(J51,Current!J87:BR147,1,FALSE)),N51) -> FALSE
A52: 46689 | C52: 0 | D52: High | E52: hth2-ipflex-hth2-cube1.hilltop.systems | F52: tcp | G52: 0 | H52: Cisco IOS Compliance Checks | I52: Compliance checks for Cisco IOS devices. | J52: =MID($N52,FIND("1.",$N52),FIND("-",$N52)-FIND("1.",$N52)-1) -> 1.0069 | K52: =MID($N52,FIND("NETIOS - ",$N52)+8,FIND(":",$N52,40)-FIND("NETIOS - ",$N52)-8) -> Set 'ntp source' to Loopback Interface | L52: =MID($N52,FIND("1.",$N52),FIND("[",$N52)-1-FIND("1.",$N52)-1) -> 1.0069 - NETIOS - Set 'ntp source' to Loopback Interface | M52: =MID($N52,FIND("[",$N52)+1,FIND("]",$N52)-FIND("[",$N52)-1) -> FAILED | N52: "1.0069 - NETIOS - Set 'ntp source' to Loopback Interface: [FAILED]" Use a particular source address in Network Time Protocol (NTP) packets. See Also: See HTH Policies and Standards Reference: NIST 800-53r5|AU-7 AU-8 Policy Value: CONFIG_CHECK item: ntp source [Ll]oopback Actual Value: ntp source [Ll]oopback not found in the configuration file | O52: N/A | R52: 549e7be8-1405-4274-a37c-56853449b396 | T52: 10.2.166.4 | U52: hth2-ipflex-hth2-cube1.hilltop.systems | X52: A4:6C:2A:B4:73:81 A4:6C:2A:B4:73:82 A4:6C:2A:B4:73:80 | Y52: Policy Compliance | Z52: 0 | AA52: 0 | AD52: 0 | AE52: 0 | AI52: 2026-04-20T14:36:10.744Z | AJ52: 2026-04-20T14:42:23.901Z | AK52: null | AN52: template-80295fee-c9f5-bb4f-0422-3f46012f5e2bba99a3058425a248 | AO52: dda80223-7230-4f84-93c3-cc2b0802dfe9 | AP52: 2026-04-20T14:45:52.579Z | AQ52: 2026-04-20T14:42:12Z | AS52: TRUE | AT52: None | AU52: 0 | AV52: 0 | AX52: 39 | AY52: local | AZ52: $Revision: 1.887 $ | BB52: 2026-04-16T00:00:00Z | BC52: 2010-05-17T00:00:00Z | BD52: FALSE | BE52: FALSE | BF52: FALSE | BG52: FALSE | BH52: FALSE | BI52: FALSE | BJ52: FALSE | BK52: FALSE | BL52: FALSE | BM52: FALSE | BN52: FALSE | BO52: FALSE | BP52: FALSE | BR52: =IFERROR(IF(M52="PASSED",VLOOKUP(J52,Current!J89:BR149,1,FALSE)),N52) -> FALSE
A53: 46689 | C53: 0 | D53: High | E53: hth2-ipflex-hth2-cube1.hilltop.systems | F53: tcp | G53: 0 | H53: Cisco IOS Compliance Checks | I53: Compliance checks for Cisco IOS devices. | J53: =MID($N53,FIND("1.",$N53),FIND("-",$N53)-FIND("1.",$N53)-1) -> 1.0070 | K53: =MID($N53,FIND("NETIOS - ",$N53)+8,FIND(":",$N53,40)-FIND("NETIOS - ",$N53)-8) -> Set 'ip tftp source-interface' to the Loopback Interface | L53: =MID($N53,FIND("1.",$N53),FIND("[",$N53)-1-FIND("1.",$N53)-1) -> 1.0070 - NETIOS - Set 'ip tftp source-interface' to the Loopback Interface | M53: =MID($N53,FIND("[",$N53)+1,FIND("]",$N53)-FIND("[",$N53)-1) -> FAILED | N53: "1.0070 - NETIOS - Set 'ip tftp source-interface' to the Loopback Interface: [FAILED]" Specify the IP address of an interface as the source address for TFTP connections. See Also: See HTH Policies and Standards Reference: NIST 800-53r5|CA-9 SC-7 SC-7(5) Policy Value: CONFIG_CHECK item: ip tftp source-interface [Ll]oopback Actual Value: ip tftp source-interface [Ll]oopback not found in the configuration file | O53: N/A | R53: 549e7be8-1405-4274-a37c-56853449b396 | T53: 10.2.166.4 | U53: hth2-ipflex-hth2-cube1.hilltop.systems | X53: A4:6C:2A:B4:73:81 A4:6C:2A:B4:73:82 A4:6C:2A:B4:73:80 | Y53: Policy Compliance | Z53: 0 | AA53: 0 | AD53: 0 | AE53: 0 | AI53: 2026-04-20T14:36:10.744Z | AJ53: 2026-04-20T14:42:23.901Z | AK53: null | AN53: template-80295fee-c9f5-bb4f-0422-3f46012f5e2bba99a3058425a248 | AO53: dda80223-7230-4f84-93c3-cc2b0802dfe9 | AP53: 2026-04-20T14:45:52.600Z | AQ53: 2026-04-20T14:42:12Z | AS53: TRUE | AT53: None | AU53: 0 | AV53: 0 | AX53: 39 | AY53: local | AZ53: $Revision: 1.887 $ | BB53: 2026-04-16T00:00:00Z | BC53: 2010-05-17T00:00:00Z | BD53: FALSE | BE53: FALSE | BF53: FALSE | BG53: FALSE | BH53: FALSE | BI53: FALSE | BJ53: FALSE | BK53: FALSE | BL53: FALSE | BM53: FALSE | BN53: FALSE | BO53: FALSE | BP53: FALSE | BR53: =IFERROR(IF(M53="PASSED",VLOOKUP(J53,Current!J91:BR151,1,FALSE)),N53) -> FALSE
A54: 46689 | C54: 0 | D54: High | E54: hth2-ipflex-hth2-cube1.hilltop.systems | F54: tcp | G54: 0 | H54: Cisco IOS Compliance Checks | I54: Compliance checks for Cisco IOS devices. | J54: =MID($N54,FIND("1.",$N54),FIND("-",$N54)-FIND("1.",$N54)-1) -> 1.0071 | K54: =MID($N54,FIND("NETIOS - ",$N54)+8,FIND(":",$N54,40)-FIND("NETIOS - ",$N54)-8) -> Set 'authentication key-chain | L54: =MID($N54,FIND("1.",$N54),FIND("[",$N54)-1-FIND("1.",$N54)-1) -> 1.0071 - NETIOS - Set 'authentication key-chain | M54: =MID($N54,FIND("[",$N54)+1,FIND("]",$N54)-FIND("[",$N54)-1) -> FAILED | N54: "1.0071 - NETIOS - Set 'authentication key-chain: [FAILED]" Configure the EIGRP address family key chain. See Also: See HTH Policies and Standards Reference: NIST 800-53r5|AC-18 AC-18(1) AC-18(3) CA-9 CM-2 CM-6 CM-7 CM-7(1) CM-9 SC-7 SC-7(5) Policy Value: CONFIG_CHECK item: authentication key-chain .+ regex: authentication key-chain CIS-KEY-CHAIN context: router eigrp .+ Actual Value: router eigrp .+ not found in the configuration file | O54: N/A | R54: 549e7be8-1405-4274-a37c-56853449b396 | T54: 10.2.166.4 | U54: hth2-ipflex-hth2-cube1.hilltop.systems | X54: A4:6C:2A:B4:73:81 A4:6C:2A:B4:73:82 A4:6C:2A:B4:73:80 | Y54: Policy Compliance | Z54: 0 | AA54: 0 | AD54: 0 | AE54: 0 | AI54: 2026-04-20T14:36:10.744Z | AJ54: 2026-04-20T14:42:23.901Z | AK54: null | AN54: template-80295fee-c9f5-bb4f-0422-3f46012f5e2bba99a3058425a248 | AO54: dda80223-7230-4f84-93c3-cc2b0802dfe9 | AP54: 2026-04-20T14:45:52.583Z | AQ54: 2026-04-20T14:42:12Z | AS54: TRUE | AT54: None | AU54: 0 | AV54: 0 | AX54: 39 | AY54: local | AZ54: $Revision: 1.887 $ | BB54: 2026-04-16T00:00:00Z | BC54: 2010-05-17T00:00:00Z | BD54: FALSE | BE54: FALSE | BF54: FALSE | BG54: FALSE | BH54: FALSE | BI54: FALSE | BJ54: FALSE | BK54: FALSE | BL54: FALSE | BM54: FALSE | BN54: FALSE | BO54: FALSE | BP54: FALSE | BR54: =IFERROR(IF(M54="PASSED",VLOOKUP(J54,Current!J93:BR153,1,FALSE)),N54) -> FALSE
A55: 46689 | C55: 0 | D55: High | E55: hth2-ipflex-hth2-cube1.hilltop.systems | F55: tcp | G55: 0 | H55: Cisco IOS Compliance Checks | I55: Compliance checks for Cisco IOS devices. | J55: =MID($N55,FIND("1.",$N55),FIND("-",$N55)-FIND("1.",$N55)-1) -> 1.0072 | K55: =MID($N55,FIND("NETIOS - ",$N55)+8,FIND(":",$N55,40)-FIND("NETIOS - ",$N55)-8) -> Set 'ip authentication key-chain eigrp | L55: =MID($N55,FIND("1.",$N55),FIND("[",$N55)-1-FIND("1.",$N55)-1) -> 1.0072 - NETIOS - Set 'ip authentication key-chain eigrp | M55: =MID($N55,FIND("[",$N55)+1,FIND("]",$N55)-FIND("[",$N55)-1) -> FAILED | N55: "1.0072 - NETIOS - Set 'ip authentication key-chain eigrp: [FAILED]" Specify the type of authentication used in Enhanced Interior Gateway Routing Protocol (EIGRP) packets per interface. See Also: See HTH Policies and Standards Reference: NIST 800-53r5|AC-18 AC-18(1) AC-18(3) CA-9 CM-2 CM-6 CM-7 CM-7(1) CM-9 SC-7 SC-7(5) Policy Value: CONFIG_CHECK item: ip authentication key-chain eigrp regex: ip authentication key-chain eigrp 100 CIS-KEY-CHAIN context: interface GigabitEthernet2 Actual Value: interface GigabitEthernet2 not found in the configuration file | O55: N/A | R55: 549e7be8-1405-4274-a37c-56853449b396 | T55: 10.2.166.4 | U55: hth2-ipflex-hth2-cube1.hilltop.systems | X55: A4:6C:2A:B4:73:81 A4:6C:2A:B4:73:82 A4:6C:2A:B4:73:80 | Y55: Policy Compliance | Z55: 0 | AA55: 0 | AD55: 0 | AE55: 0 | AI55: 2026-04-20T14:36:10.744Z | AJ55: 2026-04-20T14:42:23.901Z | AK55: null | AN55: template-80295fee-c9f5-bb4f-0422-3f46012f5e2bba99a3058425a248 | AO55: dda80223-7230-4f84-93c3-cc2b0802dfe9 | AP55: 2026-04-20T14:45:52.591Z | AQ55: 2026-04-20T14:42:12Z | AS55: TRUE | AT55: None | AU55: 0 | AV55: 0 | AX55: 39 | AY55: local | AZ55: $Revision: 1.887 $ | BB55: 2026-04-16T00:00:00Z | BC55: 2010-05-17T00:00:00Z | BD55: FALSE | BE55: FALSE | BF55: FALSE | BG55: FALSE | BH55: FALSE | BI55: FALSE | BJ55: FALSE | BK55: FALSE | BL55: FALSE | BM55: FALSE | BN55: FALSE | BO55: FALSE | BP55: FALSE | BR55: =IFERROR(IF(M55="PASSED",VLOOKUP(J55,Current!J95:BR155,1,FALSE)),N55) -> FALSE
A56: 46689 | C56: 0 | D56: High | E56: hth2-ipflex-hth2-cube1.hilltop.systems | F56: tcp | G56: 0 | H56: Cisco IOS Compliance Checks | I56: Compliance checks for Cisco IOS devices. | J56: =MID($N56,FIND("1.",$N56),FIND("-",$N56)-FIND("1.",$N56)-1) -> 1.0073 | K56: =MID($N56,FIND("NETIOS - ",$N56)+8,FIND(":",$N56,40)-FIND("NETIOS - ",$N56)-8) -> Set 'ip authentication mode eigrp | L56: =MID($N56,FIND("1.",$N56),FIND("[",$N56)-1-FIND("1.",$N56)-1) -> 1.0073 - NETIOS - Set 'ip authentication mode eigrp | M56: =MID($N56,FIND("[",$N56)+1,FIND("]",$N56)-FIND("[",$N56)-1) -> FAILED | N56: "1.0073 - NETIOS - Set 'ip authentication mode eigrp: [FAILED]" Configure authentication to prevent unapproved sources from introducing unauthorized or false routing messages. See Also: See HTH Policies and Standards Reference: NIST 800-53r5|AC-18 AC-18(1) AC-18(3) CA-9 CM-2 CM-6 CM-7 CM-7(1) CM-9 SC-7 SC-7(5) Policy Value: CONFIG_CHECK item: ip authentication mode eigrp regex: ip authentication mode eigrp 100 md5 context: interface GigabitEthernet2 Actual Value: interface GigabitEthernet2 not found in the configuration file | O56: N/A | R56: 549e7be8-1405-4274-a37c-56853449b396 | T56: 10.2.166.4 | U56: hth2-ipflex-hth2-cube1.hilltop.systems | X56: A4:6C:2A:B4:73:81 A4:6C:2A:B4:73:82 A4:6C:2A:B4:73:80 | Y56: Policy Compliance | Z56: 0 | AA56: 0 | AD56: 0 | AE56: 0 | AI56: 2026-04-20T14:36:10.744Z | AJ56: 2026-04-20T14:42:23.901Z | AK56: null | AN56: template-80295fee-c9f5-bb4f-0422-3f46012f5e2bba99a3058425a248 | AO56: dda80223-7230-4f84-93c3-cc2b0802dfe9 | AP56: 2026-04-20T14:45:52.597Z | AQ56: 2026-04-20T14:42:12Z | AS56: TRUE | AT56: None | AU56: 0 | AV56: 0 | AX56: 39 | AY56: local | AZ56: $Revision: 1.887 $ | BB56: 2026-04-16T00:00:00Z | BC56: 2010-05-17T00:00:00Z | BD56: FALSE | BE56: FALSE | BF56: FALSE | BG56: FALSE | BH56: FALSE | BI56: FALSE | BJ56: FALSE | BK56: FALSE | BL56: FALSE | BM56: FALSE | BN56: FALSE | BO56: FALSE | BP56: FALSE | BR56: =IFERROR(IF(M56="PASSED",VLOOKUP(J56,Current!J97:BR157,1,FALSE)),N56) -> FALSE
A57: 46689 | C57: 0 | D57: High | E57: hth2-ipflex-hth2-cube1.hilltop.systems | F57: tcp | G57: 0 | H57: Cisco IOS Compliance Checks | I57: Compliance checks for Cisco IOS devices. | J57: =MID($N57,FIND("1.",$N57),FIND("-",$N57)-FIND("1.",$N57)-1) -> 1.0074 | K57: =MID($N57,FIND("NETIOS - ",$N57)+8,FIND(":",$N57,40)-FIND("NETIOS - ",$N57)-8) -> Set 'authentication message-digest' for OSPF area | L57: =MID($N57,FIND("1.",$N57),FIND("[",$N57)-1-FIND("1.",$N57)-1) -> 1.0074 - NETIOS - Set 'authentication message-digest' for OSPF area | M57: =MID($N57,FIND("[",$N57)+1,FIND("]",$N57)-FIND("[",$N57)-1) -> FAILED | N57: "1.0074 - NETIOS - Set 'authentication message-digest' for OSPF area: [FAILED]" Enable MD5 authentication for OSPF. See Also: See HTH Policies and Standards Reference: NIST 800-53r5|AC-18 AC-18(1) AC-18(3) CA-9 CM-2 CM-6 CM-7 CM-7(1) CM-9 SC-7 SC-7(5) Policy Value: CONFIG_CHECK item: area [^ ]+ authentication message-digest context: router ospf .+ Actual Value: router ospf .+ not found in the configuration file | O57: N/A | R57: 549e7be8-1405-4274-a37c-56853449b396 | T57: 10.2.166.4 | U57: hth2-ipflex-hth2-cube1.hilltop.systems | X57: A4:6C:2A:B4:73:81 A4:6C:2A:B4:73:82 A4:6C:2A:B4:73:80 | Y57: Policy Compliance | Z57: 0 | AA57: 0 | AD57: 0 | AE57: 0 | AI57: 2026-04-20T14:36:10.744Z | AJ57: 2026-04-20T14:42:23.901Z | AK57: null | AN57: template-80295fee-c9f5-bb4f-0422-3f46012f5e2bba99a3058425a248 | AO57: dda80223-7230-4f84-93c3-cc2b0802dfe9 | AP57: 2026-04-20T14:45:52.600Z | AQ57: 2026-04-20T14:42:12Z | AS57: TRUE | AT57: None | AU57: 0 | AV57: 0 | AX57: 39 | AY57: local | AZ57: $Revision: 1.887 $ | BB57: 2026-04-16T00:00:00Z | BC57: 2010-05-17T00:00:00Z | BD57: FALSE | BE57: FALSE | BF57: FALSE | BG57: FALSE | BH57: FALSE | BI57: FALSE | BJ57: FALSE | BK57: FALSE | BL57: FALSE | BM57: FALSE | BN57: FALSE | BO57: FALSE | BP57: FALSE | BR57: =IFERROR(IF(M57="PASSED",VLOOKUP(J57,Current!J99:BR159,1,FALSE)),N57) -> FALSE
A58: 46689 | C58: 0 | D58: High | E58: hth2-ipflex-hth2-cube1.hilltop.systems | F58: tcp | G58: 0 | H58: Cisco IOS Compliance Checks | I58: Compliance checks for Cisco IOS devices. | J58: =MID($N58,FIND("1.",$N58),FIND("-",$N58)-FIND("1.",$N58)-1) -> 1.0075 | K58: =MID($N58,FIND("NETIOS - ",$N58)+8,FIND(":",$N58,40)-FIND("NETIOS - ",$N58)-8) -> Set 'ip ospf message-digest-key md5 | L58: =MID($N58,FIND("1.",$N58),FIND("[",$N58)-1-FIND("1.",$N58)-1) -> 1.0075 - NETIOS - Set 'ip ospf message-digest-key md5 | M58: =MID($N58,FIND("[",$N58)+1,FIND("]",$N58)-FIND("[",$N58)-1) -> FAILED | N58: "1.0075 - NETIOS - Set 'ip ospf message-digest-key md5: [FAILED]" Enable Open Shortest Path First (OSPF) Message Digest 5 (MD5) authentication. See Also: See HTH Policies and Standards Reference: NIST 800-53r5|AC-18 AC-18(1) AC-18(3) CA-9 CM-2 CM-6 CM-7 CM-7(1) CM-9 SC-7 SC-7(5) Policy Value: CONFIG_CHECK item: ip ospf message-digest-key 1 regex: ip ospf message-digest-key 1 md5 [0-7] ([A-Za-z0-9]+) context: interface GigabitEthernet2 Actual Value: interface GigabitEthernet2 not found in the configuration file | O58: N/A | R58: 549e7be8-1405-4274-a37c-56853449b396 | T58: 10.2.166.4 | U58: hth2-ipflex-hth2-cube1.hilltop.systems | X58: A4:6C:2A:B4:73:81 A4:6C:2A:B4:73:82 A4:6C:2A:B4:73:80 | Y58: Policy Compliance | Z58: 0 | AA58: 0 | AD58: 0 | AE58: 0 | AI58: 2026-04-20T14:36:10.744Z | AJ58: 2026-04-20T14:42:23.901Z | AK58: null | AN58: template-80295fee-c9f5-bb4f-0422-3f46012f5e2bba99a3058425a248 | AO58: dda80223-7230-4f84-93c3-cc2b0802dfe9 | AP58: 2026-04-20T14:45:52.602Z | AQ58: 2026-04-20T14:42:12Z | AS58: TRUE | AT58: None | AU58: 0 | AV58: 0 | AX58: 39 | AY58: local | AZ58: $Revision: 1.887 $ | BB58: 2026-04-16T00:00:00Z | BC58: 2010-05-17T00:00:00Z | BD58: FALSE | BE58: FALSE | BF58: FALSE | BG58: FALSE | BH58: FALSE | BI58: FALSE | BJ58: FALSE | BK58: FALSE | BL58: FALSE | BM58: FALSE | BN58: FALSE | BO58: FALSE | BP58: FALSE | BR58: =IFERROR(IF(M58="PASSED",VLOOKUP(J58,Current!J101:BR161,1,FALSE)),N58) -> FALSE
A59: 46689 | C59: 0 | D59: High | E59: hth2-ipflex-hth2-cube1.hilltop.systems | F59: tcp | G59: 0 | H59: Cisco IOS Compliance Checks | I59: Compliance checks for Cisco IOS devices. | J59: =MID($N59,FIND("1.",$N59),FIND("-",$N59)-FIND("1.",$N59)-1) -> 1.0076 | K59: =MID($N59,FIND("NETIOS - ",$N59)+8,FIND(":",$N59,40)-FIND("NETIOS - ",$N59)-8) -> Set 'neighbor password | L59: =MID($N59,FIND("1.",$N59),FIND("[",$N59)-1-FIND("1.",$N59)-1) -> 1.0076 - NETIOS - Set 'neighbor password | M59: =MID($N59,FIND("[",$N59)+1,FIND("]",$N59)-FIND("[",$N59)-1) -> FAILED | N59: "1.0076 - NETIOS - Set 'neighbor password: [FAILED]" Enable message digest5 (MD5) authentication on a TCP connection between two BGP peers See Also: See HTH Policies and Standards Reference: NIST 800-53r5|AC-18 AC-18(1) AC-18(3) CA-9 CM-2 CM-6 CM-7 CM-7(1) CM-9 SC-7 SC-7(5) Policy Value: CONFIG_CHECK item: neighbor [^ ]+ password .+ regex: neighbor [^ ]+ password ([A-Za-z0-9\/\$]+) context: router [Bb][Gg][Pp] .+ Actual Value: router [Bb][Gg][Pp] .+ not found in the configuration file | O59: N/A | R59: 549e7be8-1405-4274-a37c-56853449b396 | T59: 10.2.166.4 | U59: hth2-ipflex-hth2-cube1.hilltop.systems | X59: A4:6C:2A:B4:73:81 A4:6C:2A:B4:73:82 A4:6C:2A:B4:73:80 | Y59: Policy Compliance | Z59: 0 | AA59: 0 | AD59: 0 | AE59: 0 | AI59: 2026-04-20T14:36:10.744Z | AJ59: 2026-04-20T14:42:23.901Z | AK59: null | AN59: template-80295fee-c9f5-bb4f-0422-3f46012f5e2bba99a3058425a248 | AO59: dda80223-7230-4f84-93c3-cc2b0802dfe9 | AP59: 2026-04-20T14:45:52.586Z | AQ59: 2026-04-20T14:42:12Z | AS59: TRUE | AT59: None | AU59: 0 | AV59: 0 | AX59: 39 | AY59: local | AZ59: $Revision: 1.887 $ | BB59: 2026-04-16T00:00:00Z | BC59: 2010-05-17T00:00:00Z | BD59: FALSE | BE59: FALSE | BF59: FALSE | BG59: FALSE | BH59: FALSE | BI59: FALSE | BJ59: FALSE | BK59: FALSE | BL59: FALSE | BM59: FALSE | BN59: FALSE | BO59: FALSE | BP59: FALSE | BR59: =IFERROR(IF(M59="PASSED",VLOOKUP(J59,Current!J103:BR163,1,FALSE)),N59) -> FALSE

Sheet Already Pass Not Assessed
A1: Item | B1: Short Description | C1: Audit Name | D1: Status | E1: Description | F1: Already Pass/Not Assessed
A2: 1.0025 | B2: Enable 'aaa authentication enable default | C2: 1.0025 - NETIOS - Enable 'aaa authentication enable default | D2: PASSED | E2: "1.0025 - NETIOS - Enable 'aaa authentication enable default: [PASSED]" Authenticates users who access privileged EXEC mode when they use the enable command. See Also: See HTH Policies and Standards Reference: NIST 800-53r5|AC-2(1) Policy Value: CONFIG_CHECK item: aaa authentication enable default Actual Value: aaa authentication enable default group ISE-TACACS enable <---- | F2: "1.0025 - NETIOS - Enable 'aaa authentication enable default: [PASSED]" Authenticates users who access privileged EXEC mode when they use the enable command. See Also: See HTH Policies and Standards Reference: NIST 800-53r5|AC-2(1) Policy Value: CONFIG_CHECK item: aaa authentication enable default Actual Value: aaa authentication enable default group ISE-TACACS enable <----
A3: 1.0029 | B3: Set 'no exec' for 'line aux 0 | C3: 1.0029 - NETIOS - Set 'no exec' for 'line aux 0 | D3: PASSED | E3: "1.0029 - NETIOS - Set 'no exec' for 'line aux 0: [PASSED]" The 'no exec' command restricts a line to outgoing connections only. See Also: See HTH Policies and Standards Reference: NIST 800-53r5|CM-7 Policy Value: CONFIG_CHECK item: no exec context: line aux .+ Actual Value: line aux 0 no exec <---- | F3: "1.0029 - NETIOS - Set 'no exec' for 'line aux 0: [PASSED]" The 'no exec' command restricts a line to outgoing connections only. See Also: See HTH Policies and Standards Reference: NIST 800-53r5|CM-7 Policy Value: CONFIG_CHECK item: no exec context: line aux .+ Actual Value: line aux 0 no exec <----
A4: 1.0031 | B4: Set 'transport input none' for 'line aux 0 | C4: 1.0031 - NETIOS - Set 'transport input none' for 'line aux 0 | D4: PASSED | E4: "1.0031 - NETIOS - Set 'transport input none' for 'line aux 0: [PASSED]" When you want to allow only an outgoing connection on a line, use the no exec command. See Also: See HTH Policies and Standards Reference: NIST 800-53r5|AC-2(5) AC-11 AC-11(1) AC-12 Policy Value: CONFIG_CHECK_NOT item: transport input (all|ssh|telnet)$ context: line aux .+ Actual Value: line aux 0 no exec Expected configuration: transport input (all|ssh|telnet)$ | F4: "1.0031 - NETIOS - Set 'transport input none' for 'line aux 0: [PASSED]" When you want to allow only an outgoing connection on a line, use the no exec command. See Also: See HTH Policies and Standards Reference: NIST 800-53r5|AC-2(5) AC-11 AC-11(1) AC-12 Policy Value: CONFIG_CHECK_NOT item: transport input (all|ssh|telnet)$ context: line aux .+ Actual Value: line aux 0 no exec Expected configuration: transport input (all|ssh|telnet)$
A5: 1.0037 | B5: Set the 'hostname: [PASSED]" The hostname is used in prompts and default configuration filenames. See Also | C5: 1.0037 - NETIOS - Set the 'hostname | D5: PASSED | E5: "1.0037 - NETIOS - Set the 'hostname: [PASSED]" The hostname is used in prompts and default configuration filenames. See Also: See HTH Policies and Standards Reference: NIST 800-53r5|CM-6 Policy Value: CONFIG_CHECK_NOT item: hostname .+ regex: hostname Router$ Actual Value: hostname HTH2-IPFLEX-HTH2-CUBE1.hilltop.systems | F5: "1.0037 - NETIOS - Set the 'hostname: [PASSED]" The hostname is used in prompts and default configuration filenames. See Also: See HTH Policies and Standards Reference: NIST 800-53r5|CM-6 Policy Value: CONFIG_CHECK_NOT item: hostname .+ regex: hostname Router$ Actual Value: hostname HTH2-IPFLEX-HTH2-CUBE1.hilltop.systems
A6: 1.0041 | B6: Set 'no ip bootp server | C6: 1.0041 - NETIOS - Set 'no ip bootp server | D6: PASSED | E6: "1.0041 - NETIOS - Set 'no ip bootp server: [PASSED]" Disable the Bootstrap Protocol (BOOTP) service on your routing device. See Also: See HTH Policies and Standards Reference: NIST 800-53r5|CM-7 Policy Value: CONFIG_CHECK item: no ip bootp server Actual Value: no ip bootp server <---- | F6: "1.0041 - NETIOS - Set 'no ip bootp server: [PASSED]" Disable the Bootstrap Protocol (BOOTP) service on your routing device. See Also: See HTH Policies and Standards Reference: NIST 800-53r5|CM-7 Policy Value: CONFIG_CHECK item: no ip bootp server Actual Value: no ip bootp server <----
A7: 1.0042 | B7: Set 'no service pad: [PASSED]" Disable X. See Also | C7: 1.0042 - NETIOS - Set 'no service pad | D7: PASSED | E7: "1.0042 - NETIOS - Set 'no service pad: [PASSED]" Disable X. See Also: See HTH Policies and Standards Reference: NIST 800-53r5|CM-7 Policy Value: CONFIG_CHECK item: no service pad Actual Value: no service pad <---- | F7: "1.0042 - NETIOS - Set 'no service pad: [PASSED]" Disable X. See Also: See HTH Policies and Standards Reference: NIST 800-53r5|CM-7 Policy Value: CONFIG_CHECK item: no service pad Actual Value: no service pad <----
A8: 1.0043 | B8: Set 'logging enable: [PASSED]" Enable logging of system messages. See Also | C8: 1.0043 - NETIOS - Set 'logging enable | D8: PASSED | E8: "1.0043 - NETIOS - Set 'logging enable: [PASSED]" Enable logging of system messages. See Also: See HTH Policies and Standards Reference: NIST 800-53r5|AU-3 AU-3(1) AU-7 AU-12 Policy Value: CONFIG_CHECK item: logging host Actual Value: logging host 10.10.77.20 <---- | F8: "1.0043 - NETIOS - Set 'logging enable: [PASSED]" Enable logging of system messages. See Also: See HTH Policies and Standards Reference: NIST 800-53r5|AU-3 AU-3(1) AU-7 AU-12 Policy Value: CONFIG_CHECK item: logging host Actual Value: logging host 10.10.77.20 <----
A9: 1.0044 | B9: Set 'buffer size' for 'logging buffered | C9: 1.0044 - NETIOS - Set 'buffer size' for 'logging buffered | D9: PASSED | E9: "1.0044 - NETIOS - Set 'buffer size' for 'logging buffered: [PASSED]" Enable system message logging to a local buffer. See Also: See HTH Policies and Standards Reference: NIST 800-53r5|AU-3 AU-3(1) AU-7 AU-12 Policy Value: CONFIG_CHECK item: logging buffered regex: logging buffered 64000( *|$) Actual Value: logging buffered 64000 <---- | F9: "1.0044 - NETIOS - Set 'buffer size' for 'logging buffered: [PASSED]" Enable system message logging to a local buffer. See Also: See HTH Policies and Standards Reference: NIST 800-53r5|AU-3 AU-3(1) AU-7 AU-12 Policy Value: CONFIG_CHECK item: logging buffered regex: logging buffered 64000( *|$) Actual Value: logging buffered 64000 <----
A10: 1.0048 | B10: Set 'no interface tunnel | C10: 1.0048 - NETIOS - Set 'no interface tunnel | D10: PASSED | E10: "1.0048 - NETIOS - Set 'no interface tunnel: [PASSED]" Verify no tunnel interfaces are defined. See Also: See HTH Policies and Standards Reference: NIST 800-53r5|CM-7 Policy Value: CONFIG_CHECK_NOT item: interface [Tt]unnel[0-9]+ Actual Value: interface [Tt]unnel[0-9]+ not found in the configuration file | F10: "1.0048 - NETIOS - Set 'no interface tunnel: [PASSED]" Verify no tunnel interfaces are defined. See Also: See HTH Policies and Standards Reference: NIST 800-53r5|CM-7 Policy Value: CONFIG_CHECK_NOT item: interface [Tt]unnel[0-9]+ Actual Value: interface [Tt]unnel[0-9]+ not found in the configuration file
A11: 1.0051 | B11: Set 'aaa accounting system | C11: 1.0051 - NETIOS - Set 'aaa accounting system | D11: PASSED | E11: "1.0051 - NETIOS - Set 'aaa accounting system: [PASSED]" Performs accounting for all system-level events not associated with users, such as reloads. See Also: See HTH Policies and Standards Reference: NIST 800-53r5|AU-2 AU-3 AU-3(1) AU-7 AU-12 Policy Value: CONFIG_CHECK item: aaa accounting system [^ ]+ Actual Value: aaa accounting system default start-stop group HTH-ISE <---- | F11: "1.0051 - NETIOS - Set 'aaa accounting system: [PASSED]" Performs accounting for all system-level events not associated with users, such as reloads. See Also: See HTH Policies and Standards Reference: NIST 800-53r5|AU-2 AU-3 AU-3(1) AU-7 AU-12 Policy Value: CONFIG_CHECK item: aaa accounting system [^ ]+ Actual Value: aaa accounting system default start-stop group HTH-ISE <----
A12: 1.0052 | B12: Set 'login authentication for 'ip http | C12: 1.0052 - NETIOS - Set 'login authentication for 'ip http | D12: PASSED | E12: "1.0052 - NETIOS - Set 'login authentication for 'ip http: [PASSED]" If account management functions are not automatically enforced, an attacker could gain privileged access to a vital element of the network security architecture See Also: See HTH Policies and Standards Reference: NIST 800-53r5|AC-2(1) Policy Value: CONFIG_CHECK item: ^[ ]*ip http authentication (local|aaa_list_name) Actual Value: ip http authentication local <---- | F12: "1.0052 - NETIOS - Set 'login authentication for 'ip http: [PASSED]" If account management functions are not automatically enforced, an attacker could gain privileged access to a vital element of the network security architecture See Also: See HTH Policies and Standards Reference: NIST 800-53r5|AC-2(1) Policy Value: CONFIG_CHECK item: ^[ ]*ip http authentication (local|aaa_list_name) Actual Value: ip http authentication local <----
... A17: 1.0065 | B17: Set 'login success/failure logging | C17: 1.0065 - NETIOS - Set 'login success/failure logging | D17: PASSED | E17: "1.0065 - NETIOS - Set 'login success/failure logging: [PASSED]" Without generating audit records that are specific to the security and mission needs of the organization, it would be difficult to establish, correlate, and investigate the events relating to an incident or identify those responsible for one. See Also: See HTH Policies and Standards Reference: NIST 800-53r5|AU-3 AU-3(1) AU-7 AU-12 Policy Value: CONFIG_CHECK item: login on-(failure|success) log Actual Value: login on-failure log <---- login on-success log <---- | F17: "1.0065 - NETIOS - Set 'login success/failure logging: [PASSED]" Without generating audit records that are specific to the security and mission needs of the organization, it would be difficult to establish, correlate, and investigate the events relating to an incident or identify those responsible for one. See Also: See HTH Policies and Standards Reference: NIST 800-53r5|AU-3 AU-3(1) AU-7 AU-12 Policy Value: CONFIG_CHECK item: login on-(failure|success) log Actual Value: login on-failure log <---- login on-success log <----

Sheet CurrentAudit
A1: #HTH Cisco IOS Baseline
A3: <check_type:"Cisco">
A5: <if>
A6: <condition type:"AND">
A7: <item>
A8: type : CONFIG_CHECK
A9: description : "Check if Cisco IOS is installed"
A10: item : "^version"
A11: </item>
A12: </condition>
A14: <then>
A15: <item>
... A746: </check_type>

Sheet New and Current Audit
A1: #HTH Cisco IOS Baseline
A3: <check_type:"Cisco">
A5: <if>
A6: <condition type:"AND">
A7: <item>
A8: type : CONFIG_CHECK
A9: description : "Check if Cisco IOS is installed"
A10: item : "^version"
A11: </item>
A12: </condition>
A14: <then>
A15: <item>
... A525: </check_type>

Sheet All Potential Audit
A1: #HTH Cisco IOS Baseline
A3: <check_type:"Cisco">
A5: <if>
A6: <condition type:"AND">
A7: <item>
A8: type : CONFIG_CHECK
A9: description : "Check if Cisco IOS is installed"
A10: item : "^version"
A11: </item>
A12: </condition>
A14: <then>
A15: <item>
... A984: </check_type>
